,player_id,gw_no,eltype,team_code,Name,Team,ElemTypeName,BuyPrice,SellPrice,ActualSellPrice,Points,Contribution,Squad,SquadFreeHit,Lineup,Bench,Captain,TransferIn,TransferOut,TripleCaptain,Wildcard,FreeHit,BenchBoost,BudgetInBank,AvailableTransfers,PenalizedTransfers,important
0,47.0,1.0,1.0,4.0,Ryan,4.0,G,45.0,45.0,0.0,9.0,9.0,1.0,-0.0,1.0,-0.0,-0.0,1.0,-0.0,-0.0,-0.0,0.0,1.0,1.8758328224066645e-12,1.0,-0.0,2.0
1,93.0,1.0,1.0,5.0,Pope,5.0,G,45.0,45.0,0.0,8.0,8.0,1.0,-0.0,1.0,-0.0,-0.0,1.0,-0.0,-0.0,-0.0,0.0,1.0,1.8758328224066645e-12,1.0,-0.0,2.0
2,42.0,1.0,2.0,4.0,Dunk,4.0,D,45.0,45.0,0.0,11.0,11.0,1.0,0.0,1.0,-0.0,-0.0,1.0,-0.0,-0.0,-0.0,0.0,1.0,1.8758328224066645e-12,1.0,-0.0,2.0
3,182.0,1.0,2.0,10.0,Alexander-Arnold,10.0,D,70.0,70.0,0.0,5.0,5.0,1.0,-0.0,1.0,-0.0,-0.0,1.0,-0.0,-0.0,-0.0,0.0,1.0,1.8758328224066645e-12,1.0,-0.0,2.0
4,183.0,1.0,2.0,10.0,van Dijk,10.0,D,65.0,65.0,0.0,8.0,8.0,1.0,-0.0,1.0,-0.0,-0.0,1.0,-0.0,-0.0,-0.0,0.0,1.0,1.8758328224066645e-12,1.0,-0.0,2.0
5,401.0,1.0,2.0,20.0,Doherty,20.0,D,60.0,60.0,0.0,6.0,6.0,1.0,-0.0,1.0,-0.0,-0.0,1.0,-0.0,-0.0,-0.0,0.0,1.0,1.8758328224066645e-12,1.0,-0.0,2.0
6,447.0,1.0,2.0,5.0,Pieters,5.0,D,45.0,45.0,0.0,14.0,14.0,1.0,0.0,1.0,-0.0,-0.0,1.0,-0.0,-0.0,-0.0,0.0,1.0,1.8758328224066645e-12,1.0,-0.0,2.0
7,113.0,1.0,3.0,6.0,Willian,6.0,M,70.0,70.0,0.0,0.0,0.0,1.0,-0.0,1.0,-0.0,-0.0,1.0,-0.0,-0.0,-0.0,0.0,1.0,1.8758328224066645e-12,1.0,-0.0,2.0
8,192.0,1.0,3.0,10.0,Mané,10.0,M,115.0,115.0,0.0,1.0,1.0,1.0,-0.0,1.0,-0.0,-0.0,1.0,-0.0,-0.0,-0.0,0.0,1.0,1.8758328224066645e-12,1.0,-0.0,2.0
9,215.0,1.0,3.0,11.0,De Bruyne,11.0,M,95.0,95.0,0.0,7.0,14.0,1.0,-0.0,1.0,-0.0,1.0,1.0,-0.0,0.0,-0.0,0.0,1.0,1.8758328224066645e-12,1.0,-0.0,2.0
10,239.0,1.0,3.0,12.0,Martial,12.0,M,75.0,75.0,0.0,7.0,7.0,1.0,-0.0,1.0,-0.0,-0.0,1.0,-0.0,-0.0,-0.0,0.0,1.0,1.8758328224066645e-12,1.0,-0.0,2.0
11,420.0,1.0,3.0,20.0,Dendoncker,20.0,M,45.0,45.0,0.0,3.0,3.0,1.0,-0.0,1.0,-0.0,-0.0,1.0,-0.0,-0.0,-0.0,0.0,1.0,1.8758328224066645e-12,1.0,-0.0,2.0
12,166.0,1.0,4.0,9.0,Vardy,9.0,F,90.0,90.0,0.0,2.0,2.0,1.0,-0.0,1.0,-0.0,-0.0,1.0,-0.0,-0.0,-0.0,0.0,1.0,1.8758328224066645e-12,1.0,-0.0,2.0
13,313.0,1.0,4.0,16.0,Ings,16.0,F,60.0,60.0,0.0,2.0,2.0,1.0,-0.0,1.0,-0.0,-0.0,1.0,-0.0,-0.0,-0.0,0.0,1.0,1.8758328224066645e-12,1.0,-0.0,2.0
14,409.0,1.0,4.0,20.0,Jiménez,20.0,F,75.0,75.0,0.0,2.0,2.0,1.0,-0.0,1.0,-0.0,-0.0,1.0,-0.0,-0.0,-0.0,0.0,1.0,1.8758328224066645e-12,1.0,-0.0,2.0
15,93.0,2.0,1.0,5.0,Pope,5.0,G,45.0,45.0,-0.0,3.0,3.0,1.0,-0.0,1.0,-0.0,0.0,-0.0,-0.0,-0.0,-0.0,-0.0,-0.0,1.8758328224066645e-12,1.0,-0.0,1.0
16,182.0,2.0,2.0,10.0,Alexander-Arnold,10.0,D,70.0,70.0,-0.0,1.0,1.0,1.0,-0.0,1.0,-0.0,0.0,-0.0,-0.0,-0.0,-0.0,-0.0,-0.0,1.8758328224066645e-12,1.0,-0.0,1.0
17,183.0,2.0,2.0,10.0,van Dijk,10.0,D,65.0,65.0,-0.0,2.0,2.0,1.0,-0.0,1.0,-0.0,0.0,-0.0,-0.0,-0.0,-0.0,-0.0,-0.0,1.8758328224066645e-12,1.0,-0.0,1.0
18,401.0,2.0,2.0,20.0,Doherty,20.0,D,60.0,60.0,-0.0,1.0,1.0,1.0,-0.0,1.0,-0.0,0.0,-0.0,-0.0,-0.0,-0.0,-0.0,-0.0,1.8758328224066645e-12,1.0,-0.0,1.0
19,113.0,2.0,3.0,6.0,Willian,6.0,M,70.0,70.0,-0.0,1.0,1.0,1.0,-0.0,1.0,-0.0,0.0,-0.0,-0.0,-0.0,-0.0,-0.0,-0.0,1.8758328224066645e-12,1.0,-0.0,1.0
20,192.0,2.0,3.0,10.0,Mané,10.0,M,115.0,115.0,-0.0,13.0,13.0,1.0,-0.0,1.0,-0.0,0.0,-0.0,-0.0,-0.0,-0.0,-0.0,-0.0,1.8758328224066645e-12,1.0,-0.0,1.0
21,215.0,2.0,3.0,11.0,De Bruyne,11.0,M,95.0,95.0,-0.0,11.0,22.0,1.0,-0.0,1.0,-0.0,1.0,-0.0,-0.0,-0.0,-0.0,-0.0,-0.0,1.8758328224066645e-12,1.0,-0.0,1.0
22,239.0,2.0,3.0,12.0,Martial,12.0,M,75.0,76.0,-0.0,7.0,7.0,1.0,-0.0,1.0,-0.0,0.0,-0.0,-0.0,-0.0,-0.0,-0.0,-0.0,1.8758328224066645e-12,1.0,-0.0,1.0
23,166.0,2.0,4.0,9.0,Vardy,9.0,F,90.0,90.0,-0.0,2.0,2.0,1.0,-0.0,1.0,-0.0,0.0,-0.0,-0.0,-0.0,-0.0,-0.0,-0.0,1.8758328224066645e-12,1.0,-0.0,1.0
24,313.0,2.0,4.0,16.0,Ings,16.0,F,60.0,60.0,-0.0,6.0,6.0,1.0,-0.0,1.0,-0.0,0.0,-0.0,-0.0,-0.0,-0.0,-0.0,-0.0,1.8758328224066645e-12,1.0,-0.0,1.0
25,409.0,2.0,4.0,20.0,Jiménez,20.0,F,75.0,75.0,-0.0,2.0,2.0,1.0,-0.0,1.0,-0.0,0.0,-0.0,-0.0,-0.0,-0.0,-0.0,-0.0,1.8758328224066645e-12,1.0,-0.0,1.0
26,47.0,2.0,1.0,4.0,Ryan,4.0,G,45.0,45.0,-0.0,2.0,0.0,1.0,-0.0,-0.0,-0.0,0.0,-0.0,-0.0,-0.0,-0.0,-0.0,-0.0,1.8758328224066645e-12,1.0,-0.0,1.0
27,42.0,2.0,2.0,4.0,Dunk,4.0,D,45.0,45.0,-0.0,3.0,0.0,1.0,-0.0,-0.0,-0.0,0.0,-0.0,-0.0,-0.0,-0.0,-0.0,-0.0,1.8758328224066645e-12,1.0,-0.0,1.0
28,447.0,2.0,2.0,5.0,Pieters,5.0,D,45.0,45.0,-0.0,1.0,0.0,1.0,-0.0,-0.0,-0.0,0.0,-0.0,-0.0,-0.0,-0.0,-0.0,-0.0,1.8758328224066645e-12,1.0,-0.0,1.0
29,420.0,2.0,3.0,20.0,Dendoncker,20.0,M,45.0,45.0,-0.0,2.0,0.0,1.0,-0.0,-0.0,-0.0,0.0,-0.0,-0.0,-0.0,-0.0,-0.0,-0.0,1.8758328224066645e-12,1.0,-0.0,1.0
30,93.0,3.0,1.0,5.0,Pope,5.0,G,45.0,45.0,-0.0,2.0,2.0,1.0,-0.0,1.0,0.0,0.0,-0.0,-0.0,-0.0,-0.0,-0.0,-0.0,1.8758328224066645e-12,1.0,-0.0,1.0
31,182.0,3.0,2.0,10.0,Alexander-Arnold,10.0,D,70.0,70.0,-0.0,5.0,5.0,1.0,-0.0,1.0,0.0,0.0,-0.0,-0.0,-0.0,-0.0,-0.0,-0.0,1.8758328224066645e-12,1.0,-0.0,1.0
32,183.0,3.0,2.0,10.0,van Dijk,10.0,D,65.0,65.0,-0.0,2.0,2.0,1.0,-0.0,1.0,0.0,0.0,-0.0,-0.0,-0.0,-0.0,-0.0,-0.0,1.8758328224066645e-12,1.0,-0.0,1.0
33,401.0,3.0,2.0,20.0,Doherty,20.0,D,60.0,60.0,-0.0,2.0,2.0,1.0,-0.0,1.0,0.0,0.0,-0.0,-0.0,-0.0,-0.0,-0.0,-0.0,1.8758328224066645e-12,1.0,-0.0,1.0
34,113.0,3.0,3.0,6.0,Willian,6.0,M,70.0,70.0,-0.0,1.0,1.0,1.0,-0.0,1.0,0.0,0.0,-0.0,-0.0,-0.0,-0.0,-0.0,-0.0,1.8758328224066645e-12,1.0,-0.0,1.0
35,192.0,3.0,3.0,10.0,Mané,10.0,M,115.0,115.0,-0.0,3.0,3.0,1.0,-0.0,1.0,0.0,0.0,-0.0,-0.0,-0.0,-0.0,-0.0,-0.0,1.8758328224066645e-12,1.0,-0.0,1.0
36,215.0,3.0,3.0,11.0,De Bruyne,11.0,M,95.0,96.0,-0.0,5.0,10.0,1.0,-0.0,1.0,0.0,1.0,-0.0,-0.0,-0.0,-0.0,-0.0,-0.0,1.8758328224066645e-12,1.0,-0.0,1.0
37,239.0,3.0,3.0,12.0,Martial,12.0,M,76.0,77.0,-0.0,5.0,5.0,1.0,-0.0,1.0,0.0,0.0,-0.0,-0.0,-0.0,-0.0,-0.0,-0.0,1.8758328224066645e-12,1.0,-0.0,1.0
38,166.0,3.0,4.0,9.0,Vardy,9.0,F,89.0,90.0,-0.0,8.0,8.0,1.0,-0.0,1.0,0.0,0.0,-0.0,-0.0,-0.0,-0.0,-0.0,-0.0,1.8758328224066645e-12,1.0,-0.0,1.0
39,313.0,3.0,4.0,16.0,Ings,16.0,F,60.0,60.0,-0.0,5.0,5.0,1.0,-0.0,1.0,0.0,0.0,-0.0,-0.0,-0.0,-0.0,-0.0,-0.0,1.8758328224066645e-12,1.0,-0.0,1.0
40,409.0,3.0,4.0,20.0,Jiménez,20.0,F,75.0,75.0,-0.0,9.0,9.0,1.0,-0.0,1.0,0.0,0.0,-0.0,-0.0,-0.0,-0.0,-0.0,-0.0,1.8758328224066645e-12,1.0,-0.0,1.0
41,47.0,3.0,1.0,4.0,Ryan,4.0,G,45.0,46.0,-0.0,1.0,0.0,1.0,-0.0,0.0,0.0,0.0,-0.0,-0.0,-0.0,-0.0,-0.0,-0.0,1.8758328224066645e-12,1.0,-0.0,1.0
42,42.0,3.0,2.0,4.0,Dunk,4.0,D,45.0,46.0,-0.0,1.0,0.0,1.0,-0.0,0.0,0.0,0.0,-0.0,-0.0,-0.0,-0.0,-0.0,-0.0,1.8758328224066645e-12,1.0,-0.0,1.0
43,447.0,3.0,2.0,5.0,Pieters,5.0,D,45.0,46.0,-0.0,2.0,0.0,1.0,-0.0,0.0,0.0,0.0,-0.0,-0.0,-0.0,-0.0,-0.0,-0.0,1.8758328224066645e-12,1.0,-0.0,1.0
44,420.0,3.0,3.0,20.0,Dendoncker,20.0,M,45.0,45.0,-0.0,1.0,0.0,1.0,-0.0,0.0,0.0,0.0,-0.0,-0.0,-0.0,-0.0,-0.0,-0.0,1.8758328224066645e-12,1.0,-0.0,1.0
45,93.0,4.0,1.0,5.0,Pope,5.0,G,45.0,45.0,-0.0,2.0,2.0,1.0,-0.0,1.0,0.0,0.0,-0.0,-0.0,-0.0,-0.0,-0.0,-0.0,1.8758328224066645e-12,1.0,-0.0,1.0
46,182.0,4.0,2.0,10.0,Alexander-Arnold,10.0,D,70.0,70.0,-0.0,11.0,11.0,1.0,-0.0,1.0,0.0,0.0,-0.0,-0.0,-0.0,-0.0,-0.0,-0.0,1.8758328224066645e-12,1.0,-0.0,1.0
47,183.0,4.0,2.0,10.0,van Dijk,10.0,D,65.0,65.0,-0.0,7.0,7.0,1.0,-0.0,1.0,0.0,0.0,-0.0,-0.0,-0.0,-0.0,-0.0,-0.0,1.8758328224066645e-12,1.0,-0.0,1.0
48,401.0,4.0,2.0,20.0,Doherty,20.0,D,60.0,60.0,-0.0,0.0,0.0,1.0,-0.0,1.0,0.0,0.0,-0.0,-0.0,-0.0,-0.0,-0.0,-0.0,1.8758328224066645e-12,1.0,-0.0,1.0
49,113.0,4.0,3.0,6.0,Willian,6.0,M,70.0,70.0,-0.0,1.0,1.0,1.0,-0.0,1.0,0.0,0.0,-0.0,-0.0,-0.0,-0.0,-0.0,-0.0,1.8758328224066645e-12,1.0,-0.0,1.0
50,192.0,4.0,3.0,10.0,Mané,10.0,M,115.0,115.0,-0.0,8.0,8.0,1.0,-0.0,1.0,0.0,0.0,-0.0,-0.0,-0.0,-0.0,-0.0,-0.0,1.8758328224066645e-12,1.0,-0.0,1.0
51,215.0,4.0,3.0,11.0,De Bruyne,11.0,M,96.0,97.0,-0.0,13.0,26.0,1.0,-0.0,1.0,0.0,1.0,-0.0,-0.0,-0.0,-0.0,-0.0,-0.0,1.8758328224066645e-12,1.0,-0.0,1.0
52,239.0,4.0,3.0,12.0,Martial,12.0,M,77.0,77.0,-0.0,0.0,0.0,1.0,-0.0,1.0,0.0,0.0,-0.0,-0.0,-0.0,-0.0,-0.0,-0.0,1.8758328224066645e-12,1.0,-0.0,1.0
53,166.0,4.0,4.0,9.0,Vardy,9.0,F,89.0,89.0,-0.0,16.0,16.0,1.0,-0.0,1.0,0.0,0.0,-0.0,-0.0,-0.0,-0.0,-0.0,-0.0,1.8758328224066645e-12,1.0,-0.0,1.0
54,313.0,4.0,4.0,16.0,Ings,16.0,F,60.0,60.0,-0.0,2.0,2.0,1.0,-0.0,1.0,0.0,0.0,-0.0,-0.0,-0.0,-0.0,-0.0,-0.0,1.8758328224066645e-12,1.0,-0.0,1.0
55,409.0,4.0,4.0,20.0,Jiménez,20.0,F,74.0,75.0,-0.0,5.0,5.0,1.0,-0.0,1.0,0.0,0.0,-0.0,-0.0,-0.0,-0.0,-0.0,-0.0,1.8758328224066645e-12,1.0,-0.0,1.0
56,47.0,4.0,1.0,4.0,Ryan,4.0,G,46.0,46.0,-0.0,0.0,0.0,1.0,-0.0,0.0,0.0,0.0,-0.0,-0.0,-0.0,-0.0,-0.0,-0.0,1.8758328224066645e-12,1.0,-0.0,1.0
57,42.0,4.0,2.0,4.0,Dunk,4.0,D,46.0,46.0,-0.0,-1.0,-0.0,1.0,-0.0,0.0,0.0,0.0,-0.0,-0.0,-0.0,-0.0,-0.0,-0.0,1.8758328224066645e-12,1.0,-0.0,1.0
58,447.0,4.0,2.0,5.0,Pieters,5.0,D,46.0,46.0,-0.0,1.0,0.0,1.0,-0.0,0.0,0.0,0.0,-0.0,-0.0,-0.0,-0.0,-0.0,-0.0,1.8758328224066645e-12,1.0,-0.0,1.0
59,420.0,4.0,3.0,20.0,Dendoncker,20.0,M,45.0,45.0,-0.0,2.0,0.0,1.0,-0.0,0.0,0.0,0.0,-0.0,-0.0,-0.0,-0.0,-0.0,-0.0,1.8758328224066645e-12,1.0,-0.0,1.0
60,93.0,5.0,1.0,5.0,Pope,5.0,G,45.0,46.0,-0.0,3.0,3.0,1.0,-0.0,1.0,0.0,0.0,-0.0,-0.0,-0.0,-0.0,-0.0,-0.0,1.8758328224066645e-12,1.0,-0.0,1.0
61,182.0,5.0,2.0,10.0,Alexander-Arnold,10.0,D,70.0,71.0,-0.0,2.0,2.0,1.0,-0.0,1.0,0.0,0.0,-0.0,-0.0,-0.0,-0.0,-0.0,-0.0,1.8758328224066645e-12,1.0,-0.0,1.0
62,183.0,5.0,2.0,10.0,van Dijk,10.0,D,65.0,65.0,-0.0,2.0,2.0,1.0,-0.0,1.0,0.0,0.0,-0.0,-0.0,-0.0,-0.0,-0.0,-0.0,1.8758328224066645e-12,1.0,-0.0,1.0
63,401.0,5.0,2.0,20.0,Doherty,20.0,D,60.0,60.0,-0.0,4.0,4.0,1.0,-0.0,1.0,0.0,0.0,-0.0,-0.0,-0.0,-0.0,-0.0,-0.0,1.8758328224066645e-12,1.0,-0.0,1.0
64,113.0,5.0,3.0,6.0,Willian,6.0,M,70.0,70.0,-0.0,2.0,2.0,1.0,-0.0,1.0,0.0,0.0,-0.0,-0.0,-0.0,-0.0,-0.0,-0.0,1.8758328224066645e-12,1.0,-0.0,1.0
65,192.0,5.0,3.0,10.0,Mané,10.0,M,115.0,115.0,-0.0,15.0,15.0,1.0,-0.0,1.0,0.0,0.0,-0.0,-0.0,-0.0,-0.0,-0.0,-0.0,1.8758328224066645e-12,1.0,-0.0,1.0
66,215.0,5.0,3.0,11.0,De Bruyne,11.0,M,97.0,98.0,-0.0,1.0,2.0,1.0,-0.0,1.0,0.0,1.0,-0.0,-0.0,-0.0,-0.0,-0.0,-0.0,1.8758328224066645e-12,1.0,-0.0,1.0
67,239.0,5.0,3.0,12.0,Martial,12.0,M,77.0,77.0,-0.0,0.0,0.0,1.0,-0.0,1.0,0.0,0.0,-0.0,-0.0,-0.0,-0.0,-0.0,-0.0,1.8758328224066645e-12,1.0,-0.0,1.0
68,166.0,5.0,4.0,9.0,Vardy,9.0,F,89.0,89.0,-0.0,2.0,2.0,1.0,-0.0,1.0,0.0,0.0,-0.0,-0.0,-0.0,-0.0,-0.0,-0.0,1.8758328224066645e-12,1.0,-0.0,1.0
69,313.0,5.0,4.0,16.0,Ings,16.0,F,60.0,60.0,-0.0,1.0,1.0,1.0,-0.0,1.0,0.0,0.0,-0.0,-0.0,-0.0,-0.0,-0.0,-0.0,1.8758328224066645e-12,1.0,-0.0,1.0
70,409.0,5.0,4.0,20.0,Jiménez,20.0,F,74.0,74.0,-0.0,2.0,2.0,1.0,-0.0,1.0,0.0,0.0,-0.0,-0.0,-0.0,-0.0,-0.0,-0.0,1.8758328224066645e-12,1.0,-0.0,1.0
71,47.0,5.0,1.0,4.0,Ryan,4.0,G,46.0,46.0,-0.0,2.0,0.0,1.0,-0.0,0.0,0.0,0.0,-0.0,-0.0,-0.0,-0.0,-0.0,-0.0,1.8758328224066645e-12,1.0,-0.0,1.0
72,42.0,5.0,2.0,4.0,Dunk,4.0,D,46.0,46.0,-0.0,2.0,0.0,1.0,-0.0,0.0,0.0,0.0,-0.0,-0.0,-0.0,-0.0,-0.0,-0.0,1.8758328224066645e-12,1.0,-0.0,1.0
73,447.0,5.0,2.0,5.0,Pieters,5.0,D,46.0,47.0,-0.0,2.0,0.0,1.0,-0.0,0.0,0.0,0.0,-0.0,-0.0,-0.0,-0.0,-0.0,-0.0,1.8758328224066645e-12,1.0,-0.0,1.0
74,420.0,5.0,3.0,20.0,Dendoncker,20.0,M,45.0,45.0,-0.0,1.0,0.0,1.0,-0.0,0.0,0.0,0.0,-0.0,-0.0,-0.0,-0.0,-0.0,-0.0,1.8758328224066645e-12,1.0,-0.0,1.0
75,93.0,6.0,1.0,5.0,Pope,5.0,G,46.0,46.0,-0.0,6.0,6.0,1.0,-0.0,1.0,0.0,0.0,-0.0,-0.0,-0.0,-0.0,-0.0,-0.0,1.8758328224066645e-12,1.0,-0.0,1.0
76,182.0,6.0,2.0,10.0,Alexander-Arnold,10.0,D,71.0,71.0,-0.0,7.0,7.0,1.0,-0.0,1.0,0.0,0.0,-0.0,-0.0,-0.0,-0.0,-0.0,-0.0,1.8758328224066645e-12,1.0,-0.0,1.0
77,183.0,6.0,2.0,10.0,van Dijk,10.0,D,65.0,65.0,-0.0,2.0,2.0,1.0,-0.0,1.0,0.0,0.0,-0.0,-0.0,-0.0,-0.0,-0.0,-0.0,1.8758328224066645e-12,1.0,-0.0,1.0
78,401.0,6.0,2.0,20.0,Doherty,20.0,D,60.0,60.0,-0.0,1.0,1.0,1.0,-0.0,1.0,0.0,0.0,-0.0,-0.0,-0.0,-0.0,-0.0,-0.0,1.8758328224066645e-12,1.0,-0.0,1.0
79,113.0,6.0,3.0,6.0,Willian,6.0,M,70.0,70.0,-0.0,2.0,2.0,1.0,-0.0,1.0,0.0,0.0,-0.0,-0.0,-0.0,-0.0,-0.0,-0.0,1.8758328224066645e-12,1.0,-0.0,1.0
80,192.0,6.0,3.0,10.0,Mané,10.0,M,115.0,116.0,-0.0,2.0,2.0,1.0,-0.0,1.0,0.0,0.0,-0.0,-0.0,-0.0,-0.0,-0.0,-0.0,1.8758328224066645e-12,1.0,-0.0,1.0
81,215.0,6.0,3.0,11.0,De Bruyne,11.0,M,98.0,98.0,-0.0,17.0,34.0,1.0,-0.0,1.0,0.0,1.0,-0.0,-0.0,-0.0,-0.0,-0.0,-0.0,1.8758328224066645e-12,1.0,-0.0,1.0
82,239.0,6.0,3.0,12.0,Martial,12.0,M,76.0,77.0,-0.0,0.0,0.0,1.0,-0.0,1.0,0.0,0.0,-0.0,-0.0,-0.0,-0.0,-0.0,-0.0,1.8758328224066645e-12,1.0,-0.0,1.0
83,166.0,6.0,4.0,9.0,Vardy,9.0,F,89.0,89.0,-0.0,2.0,2.0,1.0,-0.0,1.0,0.0,0.0,-0.0,-0.0,-0.0,-0.0,-0.0,-0.0,1.8758328224066645e-12,1.0,-0.0,1.0
84,313.0,6.0,4.0,16.0,Ings,16.0,F,60.0,60.0,-0.0,1.0,1.0,1.0,-0.0,1.0,0.0,0.0,-0.0,-0.0,-0.0,-0.0,-0.0,-0.0,1.8758328224066645e-12,1.0,-0.0,1.0
85,409.0,6.0,4.0,20.0,Jiménez,20.0,F,73.0,74.0,-0.0,2.0,2.0,1.0,-0.0,1.0,0.0,0.0,-0.0,-0.0,-0.0,-0.0,-0.0,-0.0,1.8758328224066645e-12,1.0,-0.0,1.0
86,47.0,6.0,1.0,4.0,Ryan,4.0,G,46.0,46.0,-0.0,10.0,0.0,1.0,-0.0,0.0,0.0,0.0,-0.0,-0.0,-0.0,-0.0,-0.0,-0.0,1.8758328224066645e-12,1.0,-0.0,1.0
87,42.0,6.0,2.0,4.0,Dunk,4.0,D,46.0,46.0,-0.0,6.0,0.0,1.0,-0.0,0.0,0.0,0.0,-0.0,-0.0,-0.0,-0.0,-0.0,-0.0,1.8758328224066645e-12,1.0,-0.0,1.0
88,447.0,6.0,2.0,5.0,Pieters,5.0,D,47.0,47.0,-0.0,7.0,0.0,1.0,-0.0,0.0,0.0,0.0,-0.0,-0.0,-0.0,-0.0,-0.0,-0.0,1.8758328224066645e-12,1.0,-0.0,1.0
89,420.0,6.0,3.0,20.0,Dendoncker,20.0,M,45.0,45.0,-0.0,0.0,0.0,1.0,-0.0,0.0,0.0,0.0,-0.0,-0.0,-0.0,-0.0,-0.0,-0.0,1.8758328224066645e-12,1.0,-0.0,1.0
90,93.0,7.0,1.0,5.0,Pope,5.0,G,46.0,46.0,-0.0,1.0,1.0,1.0,-0.0,1.0,0.0,0.0,-0.0,-0.0,-0.0,-0.0,-0.0,-0.0,1.8758328224066645e-12,1.0,-0.0,1.0
91,182.0,7.0,2.0,10.0,Alexander-Arnold,10.0,D,71.0,72.0,-0.0,6.0,6.0,1.0,-0.0,1.0,0.0,0.0,-0.0,-0.0,-0.0,-0.0,-0.0,-0.0,1.8758328224066645e-12,1.0,-0.0,1.0
92,183.0,7.0,2.0,10.0,van Dijk,10.0,D,65.0,65.0,-0.0,8.0,8.0,1.0,-0.0,1.0,0.0,0.0,-0.0,-0.0,-0.0,-0.0,-0.0,-0.0,1.8758328224066645e-12,1.0,-0.0,1.0
93,401.0,7.0,2.0,20.0,Doherty,20.0,D,60.0,60.0,-0.0,15.0,15.0,1.0,-0.0,1.0,0.0,0.0,-0.0,-0.0,-0.0,-0.0,-0.0,-0.0,1.8758328224066645e-12,1.0,-0.0,1.0
94,113.0,7.0,3.0,6.0,Willian,6.0,M,70.0,70.0,-0.0,10.0,10.0,1.0,-0.0,1.0,0.0,0.0,-0.0,-0.0,-0.0,-0.0,-0.0,-0.0,1.8758328224066645e-12,1.0,-0.0,1.0
95,192.0,7.0,3.0,10.0,Mané,10.0,M,116.0,116.0,-0.0,3.0,3.0,1.0,-0.0,1.0,0.0,0.0,-0.0,-0.0,-0.0,-0.0,-0.0,-0.0,1.8758328224066645e-12,1.0,-0.0,1.0
96,215.0,7.0,3.0,11.0,De Bruyne,11.0,M,98.0,99.0,-0.0,9.0,18.0,1.0,-0.0,1.0,0.0,1.0,-0.0,-0.0,-0.0,-0.0,-0.0,-0.0,1.8758328224066645e-12,1.0,-0.0,1.0
97,239.0,7.0,3.0,12.0,Martial,12.0,M,76.0,76.0,-0.0,0.0,0.0,1.0,-0.0,1.0,0.0,0.0,-0.0,-0.0,-0.0,-0.0,-0.0,-0.0,1.8758328224066645e-12,1.0,-0.0,1.0
98,166.0,7.0,4.0,9.0,Vardy,9.0,F,89.0,89.0,-0.0,12.0,12.0,1.0,-0.0,1.0,0.0,0.0,-0.0,-0.0,-0.0,-0.0,-0.0,-0.0,1.8758328224066645e-12,1.0,-0.0,1.0
99,313.0,7.0,4.0,16.0,Ings,16.0,F,59.0,60.0,-0.0,9.0,9.0,1.0,-0.0,1.0,0.0,0.0,-0.0,-0.0,-0.0,-0.0,-0.0,-0.0,1.8758328224066645e-12,1.0,-0.0,1.0
100,409.0,7.0,4.0,20.0,Jiménez,20.0,F,72.0,73.0,-0.0,2.0,2.0,1.0,-0.0,1.0,0.0,0.0,-0.0,-0.0,-0.0,-0.0,-0.0,-0.0,1.8758328224066645e-12,1.0,-0.0,1.0
101,47.0,7.0,1.0,4.0,Ryan,4.0,G,46.0,46.0,-0.0,4.0,0.0,1.0,-0.0,0.0,0.0,0.0,-0.0,-0.0,-0.0,-0.0,-0.0,-0.0,1.8758328224066645e-12,1.0,-0.0,1.0
102,42.0,7.0,2.0,4.0,Dunk,4.0,D,46.0,46.0,-0.0,1.0,0.0,1.0,-0.0,0.0,0.0,0.0,-0.0,-0.0,-0.0,-0.0,-0.0,-0.0,1.8758328224066645e-12,1.0,-0.0,1.0
103,447.0,7.0,2.0,5.0,Pieters,5.0,D,47.0,47.0,-0.0,6.0,0.0,1.0,-0.0,0.0,0.0,0.0,-0.0,-0.0,-0.0,-0.0,-0.0,-0.0,1.8758328224066645e-12,1.0,-0.0,1.0
104,420.0,7.0,3.0,20.0,Dendoncker,20.0,M,45.0,45.0,-0.0,3.0,0.0,1.0,-0.0,0.0,0.0,0.0,-0.0,-0.0,-0.0,-0.0,-0.0,-0.0,1.8758328224066645e-12,1.0,-0.0,1.0
105,93.0,8.0,1.0,5.0,Pope,5.0,G,46.0,46.0,-0.0,7.0,7.0,1.0,-0.0,1.0,0.0,0.0,-0.0,-0.0,-0.0,-0.0,-0.0,-0.0,1.8758328224066645e-12,1.0,-0.0,1.0
106,182.0,8.0,2.0,10.0,Alexander-Arnold,10.0,D,72.0,72.0,-0.0,3.0,3.0,1.0,-0.0,1.0,0.0,0.0,-0.0,-0.0,-0.0,-0.0,-0.0,-0.0,1.8758328224066645e-12,1.0,-0.0,1.0
107,183.0,8.0,2.0,10.0,van Dijk,10.0,D,65.0,65.0,-0.0,2.0,2.0,1.0,-0.0,1.0,0.0,0.0,-0.0,-0.0,-0.0,-0.0,-0.0,-0.0,1.8758328224066645e-12,1.0,-0.0,1.0
108,401.0,8.0,2.0,20.0,Doherty,20.0,D,60.0,60.0,-0.0,1.0,1.0,1.0,-0.0,1.0,0.0,0.0,-0.0,-0.0,-0.0,-0.0,-0.0,-0.0,1.8758328224066645e-12,1.0,-0.0,1.0
109,113.0,8.0,3.0,6.0,Willian,6.0,M,70.0,70.0,-0.0,8.0,8.0,1.0,-0.0,1.0,0.0,0.0,-0.0,-0.0,-0.0,-0.0,-0.0,-0.0,1.8758328224066645e-12,1.0,-0.0,1.0
110,192.0,8.0,3.0,10.0,Mané,10.0,M,116.0,116.0,-0.0,12.0,12.0,1.0,-0.0,1.0,0.0,0.0,-0.0,-0.0,-0.0,-0.0,-0.0,-0.0,1.8758328224066645e-12,1.0,-0.0,1.0
111,215.0,8.0,3.0,11.0,De Bruyne,11.0,M,99.0,100.0,-0.0,0.0,0.0,1.0,-0.0,1.0,0.0,1.0,-0.0,-0.0,-0.0,-0.0,-0.0,-0.0,1.8758328224066645e-12,1.0,-0.0,1.0
112,239.0,8.0,3.0,12.0,Martial,12.0,M,75.0,76.0,-0.0,0.0,0.0,1.0,-0.0,1.0,0.0,0.0,-0.0,-0.0,-0.0,-0.0,-0.0,-0.0,1.8758328224066645e-12,1.0,-0.0,1.0
113,166.0,8.0,4.0,9.0,Vardy,9.0,F,89.0,89.0,-0.0,2.0,2.0,1.0,-0.0,1.0,0.0,0.0,-0.0,-0.0,-0.0,-0.0,-0.0,-0.0,1.8758328224066645e-12,1.0,-0.0,1.0
114,313.0,8.0,4.0,16.0,Ings,16.0,F,59.0,59.0,-0.0,7.0,7.0,1.0,-0.0,1.0,0.0,0.0,-0.0,-0.0,-0.0,-0.0,-0.0,-0.0,1.8758328224066645e-12,1.0,-0.0,1.0
115,409.0,8.0,4.0,20.0,Jiménez,20.0,F,72.0,72.0,-0.0,10.0,10.0,1.0,-0.0,1.0,0.0,0.0,-0.0,-0.0,-0.0,-0.0,-0.0,-0.0,1.8758328224066645e-12,1.0,-0.0,1.0
116,47.0,8.0,1.0,4.0,Ryan,4.0,G,46.0,46.0,-0.0,7.0,0.0,1.0,-0.0,0.0,0.0,0.0,-0.0,-0.0,-0.0,-0.0,-0.0,-0.0,1.8758328224066645e-12,1.0,-0.0,1.0
117,42.0,8.0,2.0,4.0,Dunk,4.0,D,46.0,46.0,-0.0,10.0,0.0,1.0,-0.0,0.0,0.0,0.0,-0.0,-0.0,-0.0,-0.0,-0.0,-0.0,1.8758328224066645e-12,1.0,-0.0,1.0
118,447.0,8.0,2.0,5.0,Pieters,5.0,D,47.0,48.0,-0.0,1.0,0.0,1.0,-0.0,0.0,0.0,0.0,-0.0,-0.0,-0.0,-0.0,-0.0,-0.0,1.8758328224066645e-12,1.0,-0.0,1.0
119,420.0,8.0,3.0,20.0,Dendoncker,20.0,M,44.0,45.0,-0.0,3.0,0.0,1.0,-0.0,0.0,0.0,0.0,-0.0,-0.0,-0.0,-0.0,-0.0,-0.0,1.8758328224066645e-12,1.0,-0.0,1.0
120,93.0,9.0,1.0,5.0,Pope,5.0,G,46.0,47.0,-0.0,1.0,1.0,1.0,-0.0,1.0,0.0,0.0,-0.0,-0.0,-0.0,-0.0,-0.0,-0.0,1.8758328224066645e-12,1.0,-0.0,1.0
121,182.0,9.0,2.0,10.0,Alexander-Arnold,10.0,D,72.0,72.0,-0.0,2.0,2.0,1.0,-0.0,1.0,0.0,0.0,-0.0,-0.0,-0.0,-0.0,-0.0,-0.0,1.8758328224066645e-12,1.0,-0.0,1.0
122,183.0,9.0,2.0,10.0,van Dijk,10.0,D,65.0,65.0,-0.0,2.0,2.0,1.0,-0.0,1.0,0.0,0.0,-0.0,-0.0,-0.0,-0.0,-0.0,-0.0,1.8758328224066645e-12,1.0,-0.0,1.0
123,401.0,9.0,2.0,20.0,Doherty,20.0,D,60.0,60.0,-0.0,4.0,4.0,1.0,-0.0,1.0,0.0,0.0,-0.0,-0.0,-0.0,-0.0,-0.0,-0.0,1.8758328224066645e-12,1.0,-0.0,1.0
124,113.0,9.0,3.0,6.0,Willian,6.0,M,70.0,70.0,-0.0,3.0,3.0,1.0,-0.0,1.0,0.0,0.0,-0.0,-0.0,-0.0,-0.0,-0.0,-0.0,1.8758328224066645e-12,1.0,-0.0,1.0
125,192.0,9.0,3.0,10.0,Mané,10.0,M,116.0,118.0,-0.0,2.0,2.0,1.0,-0.0,1.0,0.0,0.0,-0.0,-0.0,-0.0,-0.0,-0.0,-0.0,1.8758328224066645e-12,1.0,-0.0,1.0
126,215.0,9.0,3.0,11.0,De Bruyne,11.0,M,100.0,100.0,-0.0,3.0,6.0,1.0,-0.0,1.0,0.0,1.0,-0.0,-0.0,-0.0,-0.0,-0.0,-0.0,1.8758328224066645e-12,1.0,-0.0,1.0
127,239.0,9.0,3.0,12.0,Martial,12.0,M,75.0,75.0,-0.0,1.0,1.0,1.0,-0.0,1.0,0.0,0.0,-0.0,-0.0,-0.0,-0.0,-0.0,-0.0,1.8758328224066645e-12,1.0,-0.0,1.0
128,166.0,9.0,4.0,9.0,Vardy,9.0,F,89.0,90.0,-0.0,8.0,8.0,1.0,-0.0,1.0,0.0,0.0,-0.0,-0.0,-0.0,-0.0,-0.0,-0.0,1.8758328224066645e-12,1.0,-0.0,1.0
129,313.0,9.0,4.0,16.0,Ings,16.0,F,59.0,59.0,-0.0,9.0,9.0,1.0,-0.0,1.0,0.0,0.0,-0.0,-0.0,-0.0,-0.0,-0.0,-0.0,1.8758328224066645e-12,1.0,-0.0,1.0
130,409.0,9.0,4.0,20.0,Jiménez,20.0,F,71.0,72.0,-0.0,7.0,7.0,1.0,-0.0,1.0,0.0,0.0,-0.0,-0.0,-0.0,-0.0,-0.0,-0.0,1.8758328224066645e-12,1.0,-0.0,1.0
131,47.0,9.0,1.0,4.0,Ryan,4.0,G,46.0,46.0,-0.0,3.0,0.0,1.0,-0.0,0.0,0.0,0.0,-0.0,-0.0,-0.0,-0.0,-0.0,-0.0,1.8758328224066645e-12,1.0,-0.0,1.0
132,42.0,9.0,2.0,4.0,Dunk,4.0,D,46.0,46.0,-0.0,1.0,0.0,1.0,-0.0,0.0,0.0,0.0,-0.0,-0.0,-0.0,-0.0,-0.0,-0.0,1.8758328224066645e-12,1.0,-0.0,1.0
133,447.0,9.0,2.0,5.0,Pieters,5.0,D,48.0,48.0,-0.0,1.0,0.0,1.0,-0.0,0.0,0.0,0.0,-0.0,-0.0,-0.0,-0.0,-0.0,-0.0,1.8758328224066645e-12,1.0,-0.0,1.0
134,420.0,9.0,3.0,20.0,Dendoncker,20.0,M,44.0,44.0,-0.0,2.0,0.0,1.0,-0.0,0.0,0.0,0.0,-0.0,-0.0,-0.0,-0.0,-0.0,-0.0,1.8758328224066645e-12,1.0,-0.0,1.0
135,93.0,10.0,1.0,5.0,Pope,5.0,G,47.0,47.0,-0.0,1.0,1.0,1.0,-0.0,1.0,0.0,0.0,-0.0,-0.0,-0.0,-0.0,-0.0,-0.0,1.8758328224066645e-12,1.0,-0.0,1.0
136,182.0,10.0,2.0,10.0,Alexander-Arnold,10.0,D,72.0,72.0,-0.0,1.0,1.0,1.0,-0.0,1.0,0.0,0.0,-0.0,-0.0,-0.0,-0.0,-0.0,-0.0,1.8758328224066645e-12,1.0,-0.0,1.0
137,183.0,10.0,2.0,10.0,van Dijk,10.0,D,65.0,65.0,-0.0,2.0,2.0,1.0,-0.0,1.0,0.0,0.0,-0.0,-0.0,-0.0,-0.0,-0.0,-0.0,1.8758328224066645e-12,1.0,-0.0,1.0
138,401.0,10.0,2.0,20.0,Doherty,20.0,D,60.0,60.0,-0.0,2.0,2.0,1.0,-0.0,1.0,0.0,0.0,-0.0,-0.0,-0.0,-0.0,-0.0,-0.0,1.8758328224066645e-12,1.0,-0.0,1.0
139,113.0,10.0,3.0,6.0,Willian,6.0,M,70.0,70.0,-0.0,12.0,12.0,1.0,-0.0,1.0,0.0,0.0,-0.0,-0.0,-0.0,-0.0,-0.0,-0.0,1.8758328224066645e-12,1.0,-0.0,1.0
140,192.0,10.0,3.0,10.0,Mané,10.0,M,118.0,118.0,-0.0,5.0,5.0,1.0,-0.0,1.0,0.0,0.0,-0.0,-0.0,-0.0,-0.0,-0.0,-0.0,1.8758328224066645e-12,1.0,-0.0,1.0
141,215.0,10.0,3.0,11.0,De Bruyne,11.0,M,100.0,101.0,-0.0,6.0,12.0,1.0,-0.0,1.0,0.0,1.0,-0.0,-0.0,-0.0,-0.0,-0.0,-0.0,1.8758328224066645e-12,1.0,-0.0,1.0
142,239.0,10.0,3.0,12.0,Martial,12.0,M,75.0,75.0,-0.0,6.0,6.0,1.0,-0.0,1.0,0.0,0.0,-0.0,-0.0,-0.0,-0.0,-0.0,-0.0,1.8758328224066645e-12,1.0,-0.0,1.0
143,166.0,10.0,4.0,9.0,Vardy,9.0,F,90.0,91.0,-0.0,20.0,20.0,1.0,-0.0,1.0,0.0,0.0,-0.0,-0.0,-0.0,-0.0,-0.0,-0.0,1.8758328224066645e-12,1.0,-0.0,1.0
144,313.0,10.0,4.0,16.0,Ings,16.0,F,59.0,59.0,-0.0,1.0,1.0,1.0,-0.0,1.0,0.0,0.0,-0.0,-0.0,-0.0,-0.0,-0.0,-0.0,1.8758328224066645e-12,1.0,-0.0,1.0
145,409.0,10.0,4.0,20.0,Jiménez,20.0,F,71.0,71.0,-0.0,2.0,2.0,1.0,-0.0,1.0,0.0,0.0,-0.0,-0.0,-0.0,-0.0,-0.0,-0.0,1.8758328224066645e-12,1.0,-0.0,1.0
146,47.0,10.0,1.0,4.0,Ryan,4.0,G,46.0,47.0,-0.0,4.0,0.0,1.0,-0.0,0.0,0.0,0.0,-0.0,-0.0,-0.0,-0.0,-0.0,-0.0,1.8758328224066645e-12,1.0,-0.0,1.0
147,42.0,10.0,2.0,4.0,Dunk,4.0,D,46.0,46.0,-0.0,1.0,0.0,1.0,-0.0,0.0,0.0,0.0,-0.0,-0.0,-0.0,-0.0,-0.0,-0.0,1.8758328224066645e-12,1.0,-0.0,1.0
148,447.0,10.0,2.0,5.0,Pieters,5.0,D,48.0,48.0,-0.0,-1.0,-0.0,1.0,-0.0,0.0,0.0,0.0,-0.0,-0.0,-0.0,-0.0,-0.0,-0.0,1.8758328224066645e-12,1.0,-0.0,1.0
149,420.0,10.0,3.0,20.0,Dendoncker,20.0,M,44.0,44.0,-0.0,2.0,0.0,1.0,-0.0,0.0,0.0,0.0,-0.0,-0.0,-0.0,-0.0,-0.0,-0.0,1.8758328224066645e-12,1.0,-0.0,1.0
150,93.0,11.0,1.0,5.0,Pope,5.0,G,47.0,47.0,-0.0,2.0,2.0,1.0,-0.0,1.0,0.0,0.0,-0.0,-0.0,-0.0,-0.0,-0.0,-0.0,1.8758328224066645e-12,1.0,-0.0,1.0
151,182.0,11.0,2.0,10.0,Alexander-Arnold,10.0,D,72.0,72.0,-0.0,7.0,7.0,1.0,-0.0,1.0,0.0,0.0,-0.0,-0.0,-0.0,-0.0,-0.0,-0.0,1.8758328224066645e-12,1.0,-0.0,1.0
152,183.0,11.0,2.0,10.0,van Dijk,10.0,D,65.0,65.0,-0.0,1.0,1.0,1.0,-0.0,1.0,0.0,0.0,-0.0,-0.0,-0.0,-0.0,-0.0,-0.0,1.8758328224066645e-12,1.0,-0.0,1.0
153,401.0,11.0,2.0,20.0,Doherty,20.0,D,60.0,60.0,-0.0,2.0,2.0,1.0,-0.0,1.0,0.0,0.0,-0.0,-0.0,-0.0,-0.0,-0.0,-0.0,1.8758328224066645e-12,1.0,-0.0,1.0
154,113.0,11.0,3.0,6.0,Willian,6.0,M,70.0,71.0,-0.0,2.0,2.0,1.0,-0.0,1.0,0.0,0.0,-0.0,-0.0,-0.0,-0.0,-0.0,-0.0,1.8758328224066645e-12,1.0,-0.0,1.0
155,192.0,11.0,3.0,10.0,Mané,10.0,M,118.0,119.0,-0.0,12.0,12.0,1.0,-0.0,1.0,0.0,0.0,-0.0,-0.0,-0.0,-0.0,-0.0,-0.0,1.8758328224066645e-12,1.0,-0.0,1.0
156,215.0,11.0,3.0,11.0,De Bruyne,11.0,M,101.0,102.0,-0.0,2.0,4.0,1.0,-0.0,1.0,0.0,1.0,-0.0,-0.0,-0.0,-0.0,-0.0,-0.0,1.8758328224066645e-12,1.0,-0.0,1.0
157,239.0,11.0,3.0,12.0,Martial,12.0,M,75.0,76.0,-0.0,2.0,2.0,1.0,-0.0,1.0,0.0,0.0,-0.0,-0.0,-0.0,-0.0,-0.0,-0.0,1.8758328224066645e-12,1.0,-0.0,1.0
158,166.0,11.0,4.0,9.0,Vardy,9.0,F,91.0,93.0,-0.0,6.0,6.0,1.0,-0.0,1.0,0.0,0.0,-0.0,-0.0,-0.0,-0.0,-0.0,-0.0,1.8758328224066645e-12,1.0,-0.0,1.0
159,313.0,11.0,4.0,16.0,Ings,16.0,F,59.0,60.0,-0.0,2.0,2.0,1.0,-0.0,1.0,0.0,0.0,-0.0,-0.0,-0.0,-0.0,-0.0,-0.0,1.8758328224066645e-12,1.0,-0.0,1.0
160,409.0,11.0,4.0,20.0,Jiménez,20.0,F,71.0,72.0,-0.0,9.0,9.0,1.0,-0.0,1.0,0.0,0.0,-0.0,-0.0,-0.0,-0.0,-0.0,-0.0,1.8758328224066645e-12,1.0,-0.0,1.0
161,47.0,11.0,1.0,4.0,Ryan,4.0,G,47.0,47.0,-0.0,6.0,0.0,1.0,-0.0,0.0,0.0,0.0,-0.0,-0.0,-0.0,-0.0,-0.0,-0.0,1.8758328224066645e-12,1.0,-0.0,1.0
162,42.0,11.0,2.0,4.0,Dunk,4.0,D,46.0,46.0,-0.0,7.0,0.0,1.0,-0.0,0.0,0.0,0.0,-0.0,-0.0,-0.0,-0.0,-0.0,-0.0,1.8758328224066645e-12,1.0,-0.0,1.0
163,447.0,11.0,2.0,5.0,Pieters,5.0,D,48.0,48.0,-0.0,0.0,0.0,1.0,-0.0,0.0,0.0,0.0,-0.0,-0.0,-0.0,-0.0,-0.0,-0.0,1.8758328224066645e-12,1.0,-0.0,1.0
164,420.0,11.0,3.0,20.0,Dendoncker,20.0,M,44.0,44.0,-0.0,2.0,0.0,1.0,-0.0,0.0,0.0,0.0,-0.0,-0.0,-0.0,-0.0,-0.0,-0.0,1.8758328224066645e-12,1.0,-0.0,1.0
165,93.0,12.0,1.0,5.0,Pope,5.0,G,47.0,47.0,-0.0,9.0,9.0,1.0,-0.0,1.0,0.0,0.0,-0.0,-0.0,-0.0,-0.0,-0.0,-0.0,1.8758328224066645e-12,1.0,-0.0,1.0
166,182.0,12.0,2.0,10.0,Alexander-Arnold,10.0,D,72.0,72.0,-0.0,2.0,2.0,1.0,-0.0,1.0,0.0,0.0,-0.0,-0.0,-0.0,-0.0,-0.0,-0.0,1.8758328224066645e-12,1.0,-0.0,1.0
167,183.0,12.0,2.0,10.0,van Dijk,10.0,D,64.0,65.0,-0.0,2.0,2.0,1.0,-0.0,1.0,0.0,0.0,-0.0,-0.0,-0.0,-0.0,-0.0,-0.0,1.8758328224066645e-12,1.0,-0.0,1.0
168,401.0,12.0,2.0,20.0,Doherty,20.0,D,60.0,60.0,-0.0,2.0,2.0,1.0,-0.0,1.0,0.0,0.0,-0.0,-0.0,-0.0,-0.0,-0.0,-0.0,1.8758328224066645e-12,1.0,-0.0,1.0
169,113.0,12.0,3.0,6.0,Willian,6.0,M,71.0,71.0,-0.0,7.0,7.0,1.0,-0.0,1.0,0.0,0.0,-0.0,-0.0,-0.0,-0.0,-0.0,-0.0,1.8758328224066645e-12,1.0,-0.0,1.0
170,192.0,12.0,3.0,10.0,Mané,10.0,M,119.0,120.0,-0.0,7.0,7.0,1.0,-0.0,1.0,0.0,0.0,-0.0,-0.0,-0.0,-0.0,-0.0,-0.0,1.8758328224066645e-12,1.0,-0.0,1.0
171,215.0,12.0,3.0,11.0,De Bruyne,11.0,M,102.0,102.0,-0.0,2.0,4.0,1.0,-0.0,1.0,0.0,1.0,-0.0,-0.0,-0.0,-0.0,-0.0,-0.0,1.8758328224066645e-12,1.0,-0.0,1.0
172,239.0,12.0,3.0,12.0,Martial,12.0,M,76.0,77.0,-0.0,10.0,10.0,1.0,-0.0,1.0,0.0,0.0,-0.0,-0.0,-0.0,-0.0,-0.0,-0.0,1.8758328224066645e-12,1.0,-0.0,1.0
173,166.0,12.0,4.0,9.0,Vardy,9.0,F,93.0,94.0,-0.0,12.0,12.0,1.0,-0.0,1.0,0.0,0.0,-0.0,-0.0,-0.0,-0.0,-0.0,-0.0,1.8758328224066645e-12,1.0,-0.0,1.0
174,313.0,12.0,4.0,16.0,Ings,16.0,F,60.0,60.0,-0.0,7.0,7.0,1.0,-0.0,1.0,0.0,0.0,-0.0,-0.0,-0.0,-0.0,-0.0,-0.0,1.8758328224066645e-12,1.0,-0.0,1.0
175,409.0,12.0,4.0,20.0,Jiménez,20.0,F,72.0,73.0,-0.0,9.0,9.0,1.0,-0.0,1.0,0.0,0.0,-0.0,-0.0,-0.0,-0.0,-0.0,-0.0,1.8758328224066645e-12,1.0,-0.0,1.0
176,47.0,12.0,1.0,4.0,Ryan,4.0,G,47.0,47.0,-0.0,7.0,0.0,1.0,-0.0,0.0,0.0,0.0,-0.0,-0.0,-0.0,-0.0,-0.0,-0.0,1.8758328224066645e-12,1.0,-0.0,1.0
177,42.0,12.0,2.0,4.0,Dunk,4.0,D,46.0,46.0,-0.0,6.0,0.0,1.0,-0.0,0.0,0.0,0.0,-0.0,-0.0,-0.0,-0.0,-0.0,-0.0,1.8758328224066645e-12,1.0,-0.0,1.0
178,447.0,12.0,2.0,5.0,Pieters,5.0,D,47.0,48.0,-0.0,0.0,0.0,1.0,-0.0,0.0,0.0,0.0,-0.0,-0.0,-0.0,-0.0,-0.0,-0.0,1.8758328224066645e-12,1.0,-0.0,1.0
179,420.0,12.0,3.0,20.0,Dendoncker,20.0,M,44.0,44.0,-0.0,2.0,0.0,1.0,-0.0,0.0,0.0,0.0,-0.0,-0.0,-0.0,-0.0,-0.0,-0.0,1.8758328224066645e-12,1.0,-0.0,1.0
180,93.0,13.0,1.0,5.0,Pope,5.0,G,47.0,47.0,-0.0,9.0,9.0,1.0,-0.0,1.0,0.0,0.0,-0.0,-0.0,-0.0,-0.0,-0.0,-0.0,1.8758328224066645e-12,1.0,-0.0,1.0
181,182.0,13.0,2.0,10.0,Alexander-Arnold,10.0,D,72.0,72.0,-0.0,2.0,2.0,1.0,-0.0,1.0,0.0,0.0,-0.0,-0.0,-0.0,-0.0,-0.0,-0.0,1.8758328224066645e-12,1.0,-0.0,1.0
182,183.0,13.0,2.0,10.0,van Dijk,10.0,D,64.0,64.0,-0.0,2.0,2.0,1.0,-0.0,1.0,0.0,0.0,-0.0,-0.0,-0.0,-0.0,-0.0,-0.0,1.8758328224066645e-12,1.0,-0.0,1.0
183,401.0,13.0,2.0,20.0,Doherty,20.0,D,60.0,60.0,-0.0,2.0,2.0,1.0,-0.0,1.0,0.0,0.0,-0.0,-0.0,-0.0,-0.0,-0.0,-0.0,1.8758328224066645e-12,1.0,-0.0,1.0
184,113.0,13.0,3.0,6.0,Willian,6.0,M,71.0,71.0,-0.0,2.0,2.0,1.0,-0.0,1.0,0.0,0.0,-0.0,-0.0,-0.0,-0.0,-0.0,-0.0,1.8758328224066645e-12,1.0,-0.0,1.0
185,192.0,13.0,3.0,10.0,Mané,10.0,M,120.0,121.0,-0.0,9.0,9.0,1.0,-0.0,1.0,0.0,0.0,-0.0,-0.0,-0.0,-0.0,-0.0,-0.0,1.8758328224066645e-12,1.0,-0.0,1.0
186,215.0,13.0,3.0,11.0,De Bruyne,11.0,M,102.0,102.0,-0.0,7.0,14.0,1.0,-0.0,1.0,0.0,1.0,-0.0,-0.0,-0.0,-0.0,-0.0,-0.0,1.8758328224066645e-12,1.0,-0.0,1.0
187,239.0,13.0,3.0,12.0,Martial,12.0,M,77.0,78.0,-0.0,2.0,2.0,1.0,-0.0,1.0,0.0,0.0,-0.0,-0.0,-0.0,-0.0,-0.0,-0.0,1.8758328224066645e-12,1.0,-0.0,1.0
188,166.0,13.0,4.0,9.0,Vardy,9.0,F,94.0,96.0,-0.0,12.0,12.0,1.0,-0.0,1.0,0.0,0.0,-0.0,-0.0,-0.0,-0.0,-0.0,-0.0,1.8758328224066645e-12,1.0,-0.0,1.0
189,313.0,13.0,4.0,16.0,Ings,16.0,F,60.0,60.0,-0.0,6.0,6.0,1.0,-0.0,1.0,0.0,0.0,-0.0,-0.0,-0.0,-0.0,-0.0,-0.0,1.8758328224066645e-12,1.0,-0.0,1.0
190,409.0,13.0,4.0,20.0,Jiménez,20.0,F,73.0,74.0,-0.0,7.0,7.0,1.0,-0.0,1.0,0.0,0.0,-0.0,-0.0,-0.0,-0.0,-0.0,-0.0,1.8758328224066645e-12,1.0,-0.0,1.0
191,47.0,13.0,1.0,4.0,Ryan,4.0,G,47.0,47.0,-0.0,3.0,0.0,1.0,-0.0,0.0,0.0,0.0,-0.0,-0.0,-0.0,-0.0,-0.0,-0.0,1.8758328224066645e-12,1.0,-0.0,1.0
192,42.0,13.0,2.0,4.0,Dunk,4.0,D,46.0,46.0,-0.0,0.0,0.0,1.0,-0.0,0.0,0.0,0.0,-0.0,-0.0,-0.0,-0.0,-0.0,-0.0,1.8758328224066645e-12,1.0,-0.0,1.0
193,447.0,13.0,2.0,5.0,Pieters,5.0,D,47.0,47.0,-0.0,0.0,0.0,1.0,-0.0,0.0,0.0,0.0,-0.0,-0.0,-0.0,-0.0,-0.0,-0.0,1.8758328224066645e-12,1.0,-0.0,1.0
194,420.0,13.0,3.0,20.0,Dendoncker,20.0,M,44.0,44.0,-0.0,2.0,0.0,1.0,-0.0,0.0,0.0,0.0,-0.0,-0.0,-0.0,-0.0,-0.0,-0.0,1.8758328224066645e-12,1.0,-0.0,1.0
195,93.0,14.0,1.0,5.0,Pope,5.0,G,47.0,47.0,-0.0,1.0,1.0,1.0,-0.0,1.0,0.0,0.0,-0.0,-0.0,-0.0,-0.0,-0.0,-0.0,1.8758328224066645e-12,1.0,-0.0,1.0
196,182.0,14.0,2.0,10.0,Alexander-Arnold,10.0,D,72.0,72.0,-0.0,10.0,10.0,1.0,-0.0,1.0,0.0,0.0,-0.0,-0.0,-0.0,-0.0,-0.0,-0.0,1.8758328224066645e-12,1.0,-0.0,1.0
197,183.0,14.0,2.0,10.0,van Dijk,10.0,D,64.0,64.0,-0.0,17.0,17.0,1.0,-0.0,1.0,0.0,0.0,-0.0,-0.0,-0.0,-0.0,-0.0,-0.0,1.8758328224066645e-12,1.0,-0.0,1.0
198,401.0,14.0,2.0,20.0,Doherty,20.0,D,60.0,60.0,-0.0,10.0,10.0,1.0,-0.0,1.0,0.0,0.0,-0.0,-0.0,-0.0,-0.0,-0.0,-0.0,1.8758328224066645e-12,1.0,-0.0,1.0
199,113.0,14.0,3.0,6.0,Willian,6.0,M,71.0,71.0,-0.0,1.0,1.0,1.0,-0.0,1.0,0.0,0.0,-0.0,-0.0,-0.0,-0.0,-0.0,-0.0,1.8758328224066645e-12,1.0,-0.0,1.0
200,192.0,14.0,3.0,10.0,Mané,10.0,M,121.0,122.0,-0.0,2.0,2.0,1.0,-0.0,1.0,0.0,0.0,-0.0,-0.0,-0.0,-0.0,-0.0,-0.0,1.8758328224066645e-12,1.0,-0.0,1.0
201,215.0,14.0,3.0,11.0,De Bruyne,11.0,M,102.0,102.0,-0.0,10.0,20.0,1.0,-0.0,1.0,0.0,1.0,-0.0,-0.0,-0.0,-0.0,-0.0,-0.0,1.8758328224066645e-12,1.0,-0.0,1.0
202,239.0,14.0,3.0,12.0,Martial,12.0,M,78.0,78.0,-0.0,2.0,2.0,1.0,-0.0,1.0,0.0,0.0,-0.0,-0.0,-0.0,-0.0,-0.0,-0.0,1.8758328224066645e-12,1.0,-0.0,1.0
203,166.0,14.0,4.0,9.0,Vardy,9.0,F,96.0,98.0,-0.0,6.0,6.0,1.0,-0.0,1.0,0.0,0.0,-0.0,-0.0,-0.0,-0.0,-0.0,-0.0,1.8758328224066645e-12,1.0,-0.0,1.0
204,313.0,14.0,4.0,16.0,Ings,16.0,F,60.0,61.0,-0.0,9.0,9.0,1.0,-0.0,1.0,0.0,0.0,-0.0,-0.0,-0.0,-0.0,-0.0,-0.0,1.8758328224066645e-12,1.0,-0.0,1.0
205,409.0,14.0,4.0,20.0,Jiménez,20.0,F,74.0,76.0,-0.0,5.0,5.0,1.0,-0.0,1.0,0.0,0.0,-0.0,-0.0,-0.0,-0.0,-0.0,-0.0,1.8758328224066645e-12,1.0,-0.0,1.0
206,47.0,14.0,1.0,4.0,Ryan,4.0,G,47.0,47.0,-0.0,2.0,0.0,1.0,-0.0,0.0,0.0,0.0,-0.0,-0.0,-0.0,-0.0,-0.0,-0.0,1.8758328224066645e-12,1.0,-0.0,1.0
207,42.0,14.0,2.0,4.0,Dunk,4.0,D,46.0,46.0,-0.0,8.0,0.0,1.0,-0.0,0.0,0.0,0.0,-0.0,-0.0,-0.0,-0.0,-0.0,-0.0,1.8758328224066645e-12,1.0,-0.0,1.0
208,447.0,14.0,2.0,5.0,Pieters,5.0,D,46.0,47.0,-0.0,0.0,0.0,1.0,-0.0,0.0,0.0,0.0,-0.0,-0.0,-0.0,-0.0,-0.0,-0.0,1.8758328224066645e-12,1.0,-0.0,1.0
209,420.0,14.0,3.0,20.0,Dendoncker,20.0,M,44.0,44.0,-0.0,1.0,0.0,1.0,-0.0,0.0,0.0,0.0,-0.0,-0.0,-0.0,-0.0,-0.0,-0.0,1.8758328224066645e-12,1.0,-0.0,1.0
210,93.0,15.0,1.0,5.0,Pope,5.0,G,47.0,47.0,-0.0,1.0,1.0,1.0,-0.0,1.0,0.0,0.0,-0.0,-0.0,-0.0,-0.0,-0.0,-0.0,1.8758328224066645e-12,1.0,-0.0,1.0
211,182.0,15.0,2.0,10.0,Alexander-Arnold,10.0,D,72.0,72.0,-0.0,3.0,3.0,1.0,-0.0,1.0,0.0,0.0,-0.0,-0.0,-0.0,-0.0,-0.0,-0.0,1.8758328224066645e-12,1.0,-0.0,1.0
212,183.0,15.0,2.0,10.0,van Dijk,10.0,D,64.0,64.0,-0.0,1.0,1.0,1.0,-0.0,1.0,0.0,0.0,-0.0,-0.0,-0.0,-0.0,-0.0,-0.0,1.8758328224066645e-12,1.0,-0.0,1.0
213,401.0,15.0,2.0,20.0,Doherty,20.0,D,60.0,60.0,-0.0,6.0,6.0,1.0,-0.0,1.0,0.0,0.0,-0.0,-0.0,-0.0,-0.0,-0.0,-0.0,1.8758328224066645e-12,1.0,-0.0,1.0
214,113.0,15.0,3.0,6.0,Willian,6.0,M,71.0,71.0,-0.0,2.0,2.0,1.0,-0.0,1.0,0.0,0.0,-0.0,-0.0,-0.0,-0.0,-0.0,-0.0,1.8758328224066645e-12,1.0,-0.0,1.0
215,192.0,15.0,3.0,10.0,Mané,10.0,M,122.0,122.0,-0.0,15.0,15.0,1.0,-0.0,1.0,0.0,0.0,-0.0,-0.0,-0.0,-0.0,-0.0,-0.0,1.8758328224066645e-12,1.0,-0.0,1.0
216,215.0,15.0,3.0,11.0,De Bruyne,11.0,M,102.0,102.0,-0.0,3.0,6.0,1.0,-0.0,1.0,0.0,1.0,-0.0,-0.0,-0.0,-0.0,-0.0,-0.0,1.8758328224066645e-12,1.0,-0.0,1.0
217,239.0,15.0,3.0,12.0,Martial,12.0,M,77.0,78.0,-0.0,0.0,0.0,1.0,-0.0,1.0,0.0,0.0,-0.0,-0.0,-0.0,-0.0,-0.0,-0.0,1.8758328224066645e-12,1.0,-0.0,1.0
218,166.0,15.0,4.0,9.0,Vardy,9.0,F,98.0,99.0,-0.0,5.0,5.0,1.0,-0.0,1.0,0.0,0.0,-0.0,-0.0,-0.0,-0.0,-0.0,-0.0,1.8758328224066645e-12,1.0,-0.0,1.0
219,313.0,15.0,4.0,16.0,Ings,16.0,F,61.0,62.0,-0.0,9.0,9.0,1.0,-0.0,1.0,0.0,0.0,-0.0,-0.0,-0.0,-0.0,-0.0,-0.0,1.8758328224066645e-12,1.0,-0.0,1.0
220,409.0,15.0,4.0,20.0,Jiménez,20.0,F,76.0,77.0,-0.0,2.0,2.0,1.0,-0.0,1.0,0.0,0.0,-0.0,-0.0,-0.0,-0.0,-0.0,-0.0,1.8758328224066645e-12,1.0,-0.0,1.0
221,47.0,15.0,1.0,4.0,Ryan,4.0,G,47.0,48.0,-0.0,3.0,0.0,1.0,-0.0,0.0,0.0,0.0,-0.0,-0.0,-0.0,-0.0,-0.0,-0.0,1.8758328224066645e-12,1.0,-0.0,1.0
222,42.0,15.0,2.0,4.0,Dunk,4.0,D,46.0,46.0,-0.0,2.0,0.0,1.0,-0.0,0.0,0.0,0.0,-0.0,-0.0,-0.0,-0.0,-0.0,-0.0,1.8758328224066645e-12,1.0,-0.0,1.0
223,447.0,15.0,2.0,5.0,Pieters,5.0,D,46.0,46.0,-0.0,0.0,0.0,1.0,-0.0,0.0,0.0,0.0,-0.0,-0.0,-0.0,-0.0,-0.0,-0.0,1.8758328224066645e-12,1.0,-0.0,1.0
224,420.0,15.0,3.0,20.0,Dendoncker,20.0,M,44.0,44.0,-0.0,11.0,0.0,1.0,-0.0,0.0,0.0,0.0,-0.0,-0.0,-0.0,-0.0,-0.0,-0.0,1.8758328224066645e-12,1.0,-0.0,1.0
225,93.0,16.0,1.0,5.0,Pope,5.0,G,47.0,47.0,-0.0,0.0,0.0,1.0,-0.0,1.0,0.0,0.0,-0.0,-0.0,-0.0,-0.0,-0.0,-0.0,1.8758328224066645e-12,1.0,-0.0,1.0
226,182.0,16.0,2.0,10.0,Alexander-Arnold,10.0,D,72.0,73.0,-0.0,1.0,1.0,1.0,-0.0,1.0,0.0,0.0,-0.0,-0.0,-0.0,-0.0,-0.0,-0.0,1.8758328224066645e-12,1.0,-0.0,1.0
227,183.0,16.0,2.0,10.0,van Dijk,10.0,D,64.0,64.0,-0.0,6.0,6.0,1.0,-0.0,1.0,0.0,0.0,-0.0,-0.0,-0.0,-0.0,-0.0,-0.0,1.8758328224066645e-12,1.0,-0.0,1.0
228,401.0,16.0,2.0,20.0,Doherty,20.0,D,60.0,60.0,-0.0,1.0,1.0,1.0,-0.0,1.0,0.0,0.0,-0.0,-0.0,-0.0,-0.0,-0.0,-0.0,1.8758328224066645e-12,1.0,-0.0,1.0
229,113.0,16.0,3.0,6.0,Willian,6.0,M,71.0,71.0,-0.0,2.0,2.0,1.0,-0.0,1.0,0.0,0.0,-0.0,-0.0,-0.0,-0.0,-0.0,-0.0,1.8758328224066645e-12,1.0,-0.0,1.0
230,192.0,16.0,3.0,10.0,Mané,10.0,M,122.0,123.0,-0.0,0.0,0.0,1.0,-0.0,1.0,0.0,0.0,-0.0,-0.0,-0.0,-0.0,-0.0,-0.0,1.8758328224066645e-12,1.0,-0.0,1.0
231,215.0,16.0,3.0,11.0,De Bruyne,11.0,M,102.0,103.0,-0.0,1.0,2.0,1.0,-0.0,1.0,0.0,1.0,-0.0,-0.0,-0.0,-0.0,-0.0,-0.0,1.8758328224066645e-12,1.0,-0.0,1.0
232,239.0,16.0,3.0,12.0,Martial,12.0,M,76.0,77.0,-0.0,10.0,10.0,1.0,-0.0,1.0,0.0,0.0,-0.0,-0.0,-0.0,-0.0,-0.0,-0.0,1.8758328224066645e-12,1.0,-0.0,1.0
233,166.0,16.0,4.0,9.0,Vardy,9.0,F,99.0,100.0,-0.0,13.0,13.0,1.0,-0.0,1.0,0.0,0.0,-0.0,-0.0,-0.0,-0.0,-0.0,-0.0,1.8758328224066645e-12,1.0,-0.0,1.0
234,313.0,16.0,4.0,16.0,Ings,16.0,F,62.0,63.0,-0.0,8.0,8.0,1.0,-0.0,1.0,0.0,0.0,-0.0,-0.0,-0.0,-0.0,-0.0,-0.0,1.8758328224066645e-12,1.0,-0.0,1.0
235,409.0,16.0,4.0,20.0,Jiménez,20.0,F,76.0,77.0,-0.0,5.0,5.0,1.0,-0.0,1.0,0.0,0.0,-0.0,-0.0,-0.0,-0.0,-0.0,-0.0,1.8758328224066645e-12,1.0,-0.0,1.0
236,47.0,16.0,1.0,4.0,Ryan,4.0,G,48.0,48.0,-0.0,2.0,0.0,1.0,-0.0,0.0,0.0,0.0,-0.0,-0.0,-0.0,-0.0,-0.0,-0.0,1.8758328224066645e-12,1.0,-0.0,1.0
237,42.0,16.0,2.0,4.0,Dunk,4.0,D,46.0,47.0,-0.0,0.0,0.0,1.0,-0.0,0.0,0.0,0.0,-0.0,-0.0,-0.0,-0.0,-0.0,-0.0,1.8758328224066645e-12,1.0,-0.0,1.0
238,447.0,16.0,2.0,5.0,Pieters,5.0,D,45.0,46.0,-0.0,0.0,0.0,1.0,-0.0,0.0,0.0,0.0,-0.0,-0.0,-0.0,-0.0,-0.0,-0.0,1.8758328224066645e-12,1.0,-0.0,1.0
239,420.0,16.0,3.0,20.0,Dendoncker,20.0,M,44.0,44.0,-0.0,2.0,0.0,1.0,-0.0,0.0,0.0,0.0,-0.0,-0.0,-0.0,-0.0,-0.0,-0.0,1.8758328224066645e-12,1.0,-0.0,1.0
240,93.0,17.0,1.0,5.0,Pope,5.0,G,47.0,47.0,-0.0,6.0,6.0,1.0,-0.0,1.0,0.0,0.0,-0.0,-0.0,-0.0,-0.0,-0.0,-0.0,1.8758328224066645e-12,1.0,-0.0,1.0
241,182.0,17.0,2.0,10.0,Alexander-Arnold,10.0,D,73.0,73.0,-0.0,6.0,6.0,1.0,-0.0,1.0,0.0,0.0,-0.0,-0.0,-0.0,-0.0,-0.0,-0.0,1.8758328224066645e-12,1.0,-0.0,1.0
242,183.0,17.0,2.0,10.0,van Dijk,10.0,D,64.0,64.0,-0.0,7.0,7.0,1.0,-0.0,1.0,0.0,0.0,-0.0,-0.0,-0.0,-0.0,-0.0,-0.0,1.8758328224066645e-12,1.0,-0.0,1.0
243,401.0,17.0,2.0,20.0,Doherty,20.0,D,60.0,60.0,-0.0,1.0,1.0,1.0,-0.0,1.0,0.0,0.0,-0.0,-0.0,-0.0,-0.0,-0.0,-0.0,1.8758328224066645e-12,1.0,-0.0,1.0
244,113.0,17.0,3.0,6.0,Willian,6.0,M,70.0,71.0,-0.0,3.0,3.0,1.0,-0.0,1.0,0.0,0.0,-0.0,-0.0,-0.0,-0.0,-0.0,-0.0,1.8758328224066645e-12,1.0,-0.0,1.0
245,192.0,17.0,3.0,10.0,Mané,10.0,M,123.0,123.0,-0.0,6.0,6.0,1.0,-0.0,1.0,0.0,0.0,-0.0,-0.0,-0.0,-0.0,-0.0,-0.0,1.8758328224066645e-12,1.0,-0.0,1.0
246,215.0,17.0,3.0,11.0,De Bruyne,11.0,M,102.0,103.0,-0.0,19.0,38.0,1.0,-0.0,1.0,0.0,1.0,-0.0,-0.0,-0.0,-0.0,-0.0,-0.0,1.8758328224066645e-12,1.0,-0.0,1.0
247,239.0,17.0,3.0,12.0,Martial,12.0,M,76.0,76.0,-0.0,2.0,2.0,1.0,-0.0,1.0,0.0,0.0,-0.0,-0.0,-0.0,-0.0,-0.0,-0.0,1.8758328224066645e-12,1.0,-0.0,1.0
248,166.0,17.0,4.0,9.0,Vardy,9.0,F,100.0,101.0,-0.0,5.0,5.0,1.0,-0.0,1.0,0.0,0.0,-0.0,-0.0,-0.0,-0.0,-0.0,-0.0,1.8758328224066645e-12,1.0,-0.0,1.0
249,313.0,17.0,4.0,16.0,Ings,16.0,F,63.0,64.0,-0.0,2.0,2.0,1.0,-0.0,1.0,0.0,0.0,-0.0,-0.0,-0.0,-0.0,-0.0,-0.0,1.8758328224066645e-12,1.0,-0.0,1.0
250,409.0,17.0,4.0,20.0,Jiménez,20.0,F,75.0,76.0,-0.0,5.0,5.0,1.0,-0.0,1.0,0.0,0.0,-0.0,-0.0,-0.0,-0.0,-0.0,-0.0,1.8758328224066645e-12,1.0,-0.0,1.0
251,47.0,17.0,1.0,4.0,Ryan,4.0,G,48.0,48.0,-0.0,3.0,0.0,1.0,-0.0,0.0,0.0,0.0,-0.0,-0.0,-0.0,-0.0,-0.0,-0.0,1.8758328224066645e-12,1.0,-0.0,1.0
252,42.0,17.0,2.0,4.0,Dunk,4.0,D,47.0,47.0,-0.0,2.0,0.0,1.0,-0.0,0.0,0.0,0.0,-0.0,-0.0,-0.0,-0.0,-0.0,-0.0,1.8758328224066645e-12,1.0,-0.0,1.0
253,447.0,17.0,2.0,5.0,Pieters,5.0,D,45.0,45.0,-0.0,8.0,0.0,1.0,-0.0,0.0,0.0,0.0,-0.0,-0.0,-0.0,-0.0,-0.0,-0.0,1.8758328224066645e-12,1.0,-0.0,1.0
254,420.0,17.0,3.0,20.0,Dendoncker,20.0,M,44.0,44.0,-0.0,1.0,0.0,1.0,-0.0,0.0,0.0,0.0,-0.0,-0.0,-0.0,-0.0,-0.0,-0.0,1.8758328224066645e-12,1.0,-0.0,1.0
255,93.0,18.0,1.0,5.0,Pope,5.0,G,47.0,47.0,-0.0,7.0,7.0,1.0,-0.0,1.0,0.0,0.0,-0.0,-0.0,-0.0,-0.0,-0.0,-0.0,1.8758328224066645e-12,1.0,-0.0,1.0
256,182.0,18.0,2.0,10.0,Alexander-Arnold,10.0,D,73.0,73.0,-0.0,0.0,0.0,1.0,-0.0,1.0,0.0,0.0,-0.0,-0.0,-0.0,-0.0,-0.0,-0.0,1.8758328224066645e-12,1.0,-0.0,1.0
257,183.0,18.0,2.0,10.0,van Dijk,10.0,D,64.0,64.0,-0.0,0.0,0.0,1.0,-0.0,1.0,0.0,0.0,-0.0,-0.0,-0.0,-0.0,-0.0,-0.0,1.8758328224066645e-12,1.0,-0.0,1.0
258,401.0,18.0,2.0,20.0,Doherty,20.0,D,60.0,61.0,-0.0,4.0,4.0,1.0,-0.0,1.0,0.0,0.0,-0.0,-0.0,-0.0,-0.0,-0.0,-0.0,1.8758328224066645e-12,1.0,-0.0,1.0
259,113.0,18.0,3.0,6.0,Willian,6.0,M,70.0,70.0,-0.0,16.0,16.0,1.0,-0.0,1.0,0.0,0.0,-0.0,-0.0,-0.0,-0.0,-0.0,-0.0,1.8758328224066645e-12,1.0,-0.0,1.0
260,192.0,18.0,3.0,10.0,Mané,10.0,M,122.0,123.0,-0.0,0.0,0.0,1.0,-0.0,1.0,0.0,0.0,-0.0,-0.0,-0.0,-0.0,-0.0,-0.0,1.8758328224066645e-12,1.0,-0.0,1.0
261,215.0,18.0,3.0,11.0,De Bruyne,11.0,M,102.0,103.0,-0.0,4.0,8.0,1.0,-0.0,1.0,0.0,1.0,-0.0,-0.0,-0.0,-0.0,-0.0,-0.0,1.8758328224066645e-12,1.0,-0.0,1.0
262,239.0,18.0,3.0,12.0,Martial,12.0,M,76.0,77.0,-0.0,2.0,2.0,1.0,-0.0,1.0,0.0,0.0,-0.0,-0.0,-0.0,-0.0,-0.0,-0.0,1.8758328224066645e-12,1.0,-0.0,1.0
263,166.0,18.0,4.0,9.0,Vardy,9.0,F,101.0,101.0,-0.0,9.0,9.0,1.0,-0.0,1.0,0.0,0.0,-0.0,-0.0,-0.0,-0.0,-0.0,-0.0,1.8758328224066645e-12,1.0,-0.0,1.0
264,313.0,18.0,4.0,16.0,Ings,16.0,F,64.0,64.0,-0.0,13.0,13.0,1.0,-0.0,1.0,0.0,0.0,-0.0,-0.0,-0.0,-0.0,-0.0,-0.0,1.8758328224066645e-12,1.0,-0.0,1.0
265,409.0,18.0,4.0,20.0,Jiménez,20.0,F,75.0,75.0,-0.0,0.0,0.0,1.0,-0.0,1.0,0.0,0.0,-0.0,-0.0,-0.0,-0.0,-0.0,-0.0,1.8758328224066645e-12,1.0,-0.0,1.0
266,47.0,18.0,1.0,4.0,Ryan,4.0,G,48.0,48.0,-0.0,2.0,0.0,1.0,-0.0,0.0,0.0,0.0,-0.0,-0.0,-0.0,-0.0,-0.0,-0.0,1.8758328224066645e-12,1.0,-0.0,1.0
267,42.0,18.0,2.0,4.0,Dunk,4.0,D,47.0,47.0,-0.0,2.0,0.0,1.0,-0.0,0.0,0.0,0.0,-0.0,-0.0,-0.0,-0.0,-0.0,-0.0,1.8758328224066645e-12,1.0,-0.0,1.0
268,447.0,18.0,2.0,5.0,Pieters,5.0,D,45.0,45.0,-0.0,0.0,0.0,1.0,-0.0,0.0,0.0,0.0,-0.0,-0.0,-0.0,-0.0,-0.0,-0.0,1.8758328224066645e-12,1.0,-0.0,1.0
269,420.0,18.0,3.0,20.0,Dendoncker,20.0,M,44.0,44.0,-0.0,2.0,0.0,1.0,-0.0,0.0,0.0,0.0,-0.0,-0.0,-0.0,-0.0,-0.0,-0.0,1.8758328224066645e-12,1.0,-0.0,1.0
270,93.0,19.0,1.0,5.0,Pope,5.0,G,47.0,47.0,-0.0,3.0,3.0,1.0,-0.0,1.0,0.0,0.0,-0.0,-0.0,-0.0,-0.0,-0.0,-0.0,1.8758328224066645e-12,1.0,-0.0,1.0
271,182.0,19.0,2.0,10.0,Alexander-Arnold,10.0,D,72.0,73.0,-0.0,24.0,24.0,1.0,-0.0,1.0,0.0,0.0,-0.0,-0.0,-0.0,-0.0,-0.0,-0.0,1.8758328224066645e-12,1.0,-0.0,1.0
272,183.0,19.0,2.0,10.0,van Dijk,10.0,D,64.0,64.0,-0.0,6.0,6.0,1.0,-0.0,1.0,0.0,0.0,-0.0,-0.0,-0.0,-0.0,-0.0,-0.0,1.8758328224066645e-12,1.0,-0.0,1.0
273,401.0,19.0,2.0,20.0,Doherty,20.0,D,61.0,61.0,-0.0,8.0,8.0,1.0,-0.0,1.0,0.0,0.0,-0.0,-0.0,-0.0,-0.0,-0.0,-0.0,1.8758328224066645e-12,1.0,-0.0,1.0
274,113.0,19.0,3.0,6.0,Willian,6.0,M,70.0,71.0,-0.0,2.0,2.0,1.0,-0.0,1.0,0.0,0.0,-0.0,-0.0,-0.0,-0.0,-0.0,-0.0,1.8758328224066645e-12,1.0,-0.0,1.0
275,192.0,19.0,3.0,10.0,Mané,10.0,M,122.0,122.0,-0.0,6.0,6.0,1.0,-0.0,1.0,0.0,0.0,-0.0,-0.0,-0.0,-0.0,-0.0,-0.0,1.8758328224066645e-12,1.0,-0.0,1.0
276,215.0,19.0,3.0,11.0,De Bruyne,11.0,M,103.0,104.0,-0.0,5.0,10.0,1.0,-0.0,1.0,0.0,1.0,-0.0,-0.0,-0.0,-0.0,-0.0,-0.0,1.8758328224066645e-12,1.0,-0.0,1.0
277,239.0,19.0,3.0,12.0,Martial,12.0,M,77.0,77.0,-0.0,15.0,15.0,1.0,-0.0,1.0,0.0,0.0,-0.0,-0.0,-0.0,-0.0,-0.0,-0.0,1.8758328224066645e-12,1.0,-0.0,1.0
278,166.0,19.0,4.0,9.0,Vardy,9.0,F,101.0,101.0,-0.0,2.0,2.0,1.0,-0.0,1.0,0.0,0.0,-0.0,-0.0,-0.0,-0.0,-0.0,-0.0,1.8758328224066645e-12,1.0,-0.0,1.0
279,313.0,19.0,4.0,16.0,Ings,16.0,F,64.0,65.0,-0.0,1.0,1.0,1.0,-0.0,1.0,0.0,0.0,-0.0,-0.0,-0.0,-0.0,-0.0,-0.0,1.8758328224066645e-12,1.0,-0.0,1.0
280,409.0,19.0,4.0,20.0,Jiménez,20.0,F,75.0,75.0,-0.0,11.0,11.0,1.0,-0.0,1.0,0.0,0.0,-0.0,-0.0,-0.0,-0.0,-0.0,-0.0,1.8758328224066645e-12,1.0,-0.0,1.0
281,47.0,19.0,1.0,4.0,Ryan,4.0,G,48.0,48.0,-0.0,2.0,0.0,1.0,-0.0,0.0,0.0,0.0,-0.0,-0.0,-0.0,-0.0,-0.0,-0.0,1.8758328224066645e-12,1.0,-0.0,1.0
282,42.0,19.0,2.0,4.0,Dunk,4.0,D,47.0,47.0,-0.0,0.0,0.0,1.0,-0.0,0.0,0.0,0.0,-0.0,-0.0,-0.0,-0.0,-0.0,-0.0,1.8758328224066645e-12,1.0,-0.0,1.0
283,447.0,19.0,2.0,5.0,Pieters,5.0,D,45.0,45.0,-0.0,0.0,0.0,1.0,-0.0,0.0,0.0,0.0,-0.0,-0.0,-0.0,-0.0,-0.0,-0.0,1.8758328224066645e-12,1.0,-0.0,1.0
284,420.0,19.0,3.0,20.0,Dendoncker,20.0,M,44.0,44.0,-0.0,2.0,0.0,1.0,-0.0,0.0,0.0,0.0,-0.0,-0.0,-0.0,-0.0,-0.0,-0.0,1.8758328224066645e-12,1.0,-0.0,1.0
285,93.0,20.0,1.0,5.0,Pope,5.0,G,47.0,47.0,-0.0,1.0,1.0,1.0,-0.0,1.0,0.0,0.0,-0.0,-0.0,-0.0,-0.0,-0.0,-0.0,1.8758328224066645e-12,1.0,-0.0,1.0
286,182.0,20.0,2.0,10.0,Alexander-Arnold,10.0,D,72.0,73.0,-0.0,8.0,8.0,1.0,-0.0,1.0,0.0,0.0,-0.0,-0.0,-0.0,-0.0,-0.0,-0.0,1.8758328224066645e-12,1.0,-0.0,1.0
287,183.0,20.0,2.0,10.0,van Dijk,10.0,D,64.0,64.0,-0.0,6.0,6.0,1.0,-0.0,1.0,0.0,0.0,-0.0,-0.0,-0.0,-0.0,-0.0,-0.0,1.8758328224066645e-12,1.0,-0.0,1.0
288,401.0,20.0,2.0,20.0,Doherty,20.0,D,61.0,61.0,-0.0,0.0,0.0,1.0,-0.0,1.0,0.0,0.0,-0.0,-0.0,-0.0,-0.0,-0.0,-0.0,1.8758328224066645e-12,1.0,-0.0,1.0
289,113.0,20.0,3.0,6.0,Willian,6.0,M,71.0,71.0,-0.0,7.0,7.0,1.0,-0.0,1.0,0.0,0.0,-0.0,-0.0,-0.0,-0.0,-0.0,-0.0,1.8758328224066645e-12,1.0,-0.0,1.0
290,192.0,20.0,3.0,10.0,Mané,10.0,M,122.0,122.0,-0.0,11.0,11.0,1.0,-0.0,1.0,0.0,0.0,-0.0,-0.0,-0.0,-0.0,-0.0,-0.0,1.8758328224066645e-12,1.0,-0.0,1.0
291,215.0,20.0,3.0,11.0,De Bruyne,11.0,M,104.0,105.0,-0.0,14.0,28.0,1.0,-0.0,1.0,0.0,1.0,-0.0,-0.0,-0.0,-0.0,-0.0,-0.0,1.8758328224066645e-12,1.0,-0.0,1.0
292,239.0,20.0,3.0,12.0,Martial,12.0,M,77.0,78.0,-0.0,8.0,8.0,1.0,-0.0,1.0,0.0,0.0,-0.0,-0.0,-0.0,-0.0,-0.0,-0.0,1.8758328224066645e-12,1.0,-0.0,1.0
293,166.0,20.0,4.0,9.0,Vardy,9.0,F,101.0,101.0,-0.0,0.0,0.0,1.0,-0.0,1.0,0.0,0.0,-0.0,-0.0,-0.0,-0.0,-0.0,-0.0,1.8758328224066645e-12,1.0,-0.0,1.0
294,313.0,20.0,4.0,16.0,Ings,16.0,F,65.0,66.0,-0.0,9.0,9.0,1.0,-0.0,1.0,0.0,0.0,-0.0,-0.0,-0.0,-0.0,-0.0,-0.0,1.8758328224066645e-12,1.0,-0.0,1.0
295,409.0,20.0,4.0,20.0,Jiménez,20.0,F,75.0,75.0,-0.0,1.0,1.0,1.0,-0.0,1.0,0.0,0.0,-0.0,-0.0,-0.0,-0.0,-0.0,-0.0,1.8758328224066645e-12,1.0,-0.0,1.0
296,47.0,20.0,1.0,4.0,Ryan,4.0,G,48.0,48.0,-0.0,6.0,0.0,1.0,-0.0,0.0,0.0,0.0,-0.0,-0.0,-0.0,-0.0,-0.0,-0.0,1.8758328224066645e-12,1.0,-0.0,1.0
297,42.0,20.0,2.0,4.0,Dunk,4.0,D,47.0,47.0,-0.0,8.0,0.0,1.0,-0.0,0.0,0.0,0.0,-0.0,-0.0,-0.0,-0.0,-0.0,-0.0,1.8758328224066645e-12,1.0,-0.0,1.0
298,447.0,20.0,2.0,5.0,Pieters,5.0,D,44.0,45.0,-0.0,0.0,0.0,1.0,-0.0,0.0,0.0,0.0,-0.0,-0.0,-0.0,-0.0,-0.0,-0.0,1.8758328224066645e-12,1.0,-0.0,1.0
299,420.0,20.0,3.0,20.0,Dendoncker,20.0,M,44.0,44.0,-0.0,1.0,0.0,1.0,-0.0,0.0,0.0,0.0,-0.0,-0.0,-0.0,-0.0,-0.0,-0.0,1.8758328224066645e-12,1.0,-0.0,1.0
300,93.0,21.0,1.0,5.0,Pope,5.0,G,47.0,47.0,-0.0,2.0,2.0,1.0,-0.0,1.0,0.0,0.0,-0.0,-0.0,-0.0,-0.0,-0.0,-0.0,1.8758328224066645e-12,1.0,-0.0,1.0
301,182.0,21.0,2.0,10.0,Alexander-Arnold,10.0,D,73.0,74.0,-0.0,6.0,6.0,1.0,-0.0,1.0,0.0,0.0,-0.0,-0.0,-0.0,-0.0,-0.0,-0.0,1.8758328224066645e-12,1.0,-0.0,1.0
302,183.0,21.0,2.0,10.0,van Dijk,10.0,D,64.0,64.0,-0.0,7.0,7.0,1.0,-0.0,1.0,0.0,0.0,-0.0,-0.0,-0.0,-0.0,-0.0,-0.0,1.8758328224066645e-12,1.0,-0.0,1.0
303,401.0,21.0,2.0,20.0,Doherty,20.0,D,61.0,61.0,-0.0,1.0,1.0,1.0,-0.0,1.0,0.0,0.0,-0.0,-0.0,-0.0,-0.0,-0.0,-0.0,1.8758328224066645e-12,1.0,-0.0,1.0
304,113.0,21.0,3.0,6.0,Willian,6.0,M,71.0,72.0,-0.0,2.0,2.0,1.0,-0.0,1.0,0.0,0.0,-0.0,-0.0,-0.0,-0.0,-0.0,-0.0,1.8758328224066645e-12,1.0,-0.0,1.0
305,192.0,21.0,3.0,10.0,Mané,10.0,M,122.0,123.0,-0.0,8.0,8.0,1.0,-0.0,1.0,0.0,0.0,-0.0,-0.0,-0.0,-0.0,-0.0,-0.0,1.8758328224066645e-12,1.0,-0.0,1.0
306,215.0,21.0,3.0,11.0,De Bruyne,11.0,M,105.0,106.0,-0.0,2.0,4.0,1.0,-0.0,1.0,0.0,1.0,-0.0,-0.0,-0.0,-0.0,-0.0,-0.0,1.8758328224066645e-12,1.0,-0.0,1.0
307,239.0,21.0,3.0,12.0,Martial,12.0,M,78.0,79.0,-0.0,2.0,2.0,1.0,-0.0,1.0,0.0,0.0,-0.0,-0.0,-0.0,-0.0,-0.0,-0.0,1.8758328224066645e-12,1.0,-0.0,1.0
308,166.0,21.0,4.0,9.0,Vardy,9.0,F,101.0,101.0,-0.0,0.0,0.0,1.0,-0.0,1.0,0.0,0.0,-0.0,-0.0,-0.0,-0.0,-0.0,-0.0,1.8758328224066645e-12,1.0,-0.0,1.0
309,313.0,21.0,4.0,16.0,Ings,16.0,F,66.0,66.0,-0.0,9.0,9.0,1.0,-0.0,1.0,0.0,0.0,-0.0,-0.0,-0.0,-0.0,-0.0,-0.0,1.8758328224066645e-12,1.0,-0.0,1.0
310,409.0,21.0,4.0,20.0,Jiménez,20.0,F,75.0,75.0,-0.0,2.0,2.0,1.0,-0.0,1.0,0.0,0.0,-0.0,-0.0,-0.0,-0.0,-0.0,-0.0,1.8758328224066645e-12,1.0,-0.0,1.0
311,47.0,21.0,1.0,4.0,Ryan,4.0,G,48.0,48.0,-0.0,3.0,0.0,1.0,-0.0,0.0,0.0,0.0,-0.0,-0.0,-0.0,-0.0,-0.0,-0.0,1.8758328224066645e-12,1.0,-0.0,1.0
312,42.0,21.0,2.0,4.0,Dunk,4.0,D,47.0,47.0,-0.0,4.0,0.0,1.0,-0.0,0.0,0.0,0.0,-0.0,-0.0,-0.0,-0.0,-0.0,-0.0,1.8758328224066645e-12,1.0,-0.0,1.0
313,447.0,21.0,2.0,5.0,Pieters,5.0,D,44.0,44.0,-0.0,0.0,0.0,1.0,-0.0,0.0,0.0,0.0,-0.0,-0.0,-0.0,-0.0,-0.0,-0.0,1.8758328224066645e-12,1.0,-0.0,1.0
314,420.0,21.0,3.0,20.0,Dendoncker,20.0,M,44.0,44.0,-0.0,2.0,0.0,1.0,-0.0,0.0,0.0,0.0,-0.0,-0.0,-0.0,-0.0,-0.0,-0.0,1.8758328224066645e-12,1.0,-0.0,1.0
315,93.0,22.0,1.0,5.0,Pope,5.0,G,47.0,47.0,-0.0,2.0,2.0,1.0,-0.0,1.0,0.0,0.0,-0.0,-0.0,-0.0,-0.0,-0.0,-0.0,1.8758328224066645e-12,1.0,-0.0,1.0
316,182.0,22.0,2.0,10.0,Alexander-Arnold,10.0,D,74.0,75.0,-0.0,6.0,6.0,1.0,-0.0,1.0,0.0,0.0,-0.0,-0.0,-0.0,-0.0,-0.0,-0.0,1.8758328224066645e-12,1.0,-0.0,1.0
317,183.0,22.0,2.0,10.0,van Dijk,10.0,D,64.0,64.0,-0.0,6.0,6.0,1.0,-0.0,1.0,0.0,0.0,-0.0,-0.0,-0.0,-0.0,-0.0,-0.0,1.8758328224066645e-12,1.0,-0.0,1.0
318,401.0,22.0,2.0,20.0,Doherty,20.0,D,61.0,61.0,-0.0,2.0,2.0,1.0,-0.0,1.0,0.0,0.0,-0.0,-0.0,-0.0,-0.0,-0.0,-0.0,1.8758328224066645e-12,1.0,-0.0,1.0
319,113.0,22.0,3.0,6.0,Willian,6.0,M,72.0,72.0,-0.0,6.0,6.0,1.0,-0.0,1.0,0.0,0.0,-0.0,-0.0,-0.0,-0.0,-0.0,-0.0,1.8758328224066645e-12,1.0,-0.0,1.0
320,192.0,22.0,3.0,10.0,Mané,10.0,M,123.0,123.0,-0.0,3.0,3.0,1.0,-0.0,1.0,0.0,0.0,-0.0,-0.0,-0.0,-0.0,-0.0,-0.0,1.8758328224066645e-12,1.0,-0.0,1.0
321,215.0,22.0,3.0,11.0,De Bruyne,11.0,M,106.0,106.0,-0.0,9.0,18.0,1.0,-0.0,1.0,0.0,1.0,-0.0,-0.0,-0.0,-0.0,-0.0,-0.0,1.8758328224066645e-12,1.0,-0.0,1.0
322,239.0,22.0,3.0,12.0,Martial,12.0,M,79.0,79.0,-0.0,8.0,8.0,1.0,-0.0,1.0,0.0,0.0,-0.0,-0.0,-0.0,-0.0,-0.0,-0.0,1.8758328224066645e-12,1.0,-0.0,1.0
323,166.0,22.0,4.0,9.0,Vardy,9.0,F,100.0,101.0,-0.0,5.0,5.0,1.0,-0.0,1.0,0.0,0.0,-0.0,-0.0,-0.0,-0.0,-0.0,-0.0,1.8758328224066645e-12,1.0,-0.0,1.0
324,313.0,22.0,4.0,16.0,Ings,16.0,F,66.0,67.0,-0.0,5.0,5.0,1.0,-0.0,1.0,0.0,0.0,-0.0,-0.0,-0.0,-0.0,-0.0,-0.0,1.8758328224066645e-12,1.0,-0.0,1.0
325,409.0,22.0,4.0,20.0,Jiménez,20.0,F,75.0,75.0,-0.0,2.0,2.0,1.0,-0.0,1.0,0.0,0.0,-0.0,-0.0,-0.0,-0.0,-0.0,-0.0,1.8758328224066645e-12,1.0,-0.0,1.0
326,47.0,22.0,1.0,4.0,Ryan,4.0,G,48.0,48.0,-0.0,3.0,0.0,1.0,-0.0,0.0,0.0,0.0,-0.0,-0.0,-0.0,-0.0,-0.0,-0.0,1.8758328224066645e-12,1.0,-0.0,1.0
327,42.0,22.0,2.0,4.0,Dunk,4.0,D,47.0,48.0,-0.0,2.0,0.0,1.0,-0.0,0.0,0.0,0.0,-0.0,-0.0,-0.0,-0.0,-0.0,-0.0,1.8758328224066645e-12,1.0,-0.0,1.0
328,447.0,22.0,2.0,5.0,Pieters,5.0,D,43.0,44.0,-0.0,0.0,0.0,1.0,-0.0,0.0,0.0,0.0,-0.0,-0.0,-0.0,-0.0,-0.0,-0.0,1.8758328224066645e-12,1.0,-0.0,1.0
329,420.0,22.0,3.0,20.0,Dendoncker,20.0,M,44.0,44.0,-0.0,10.0,0.0,1.0,-0.0,0.0,0.0,0.0,-0.0,-0.0,-0.0,-0.0,-0.0,-0.0,1.8758328224066645e-12,1.0,-0.0,1.0
330,93.0,23.0,1.0,5.0,Pope,5.0,G,46.0,47.0,-0.0,12.0,12.0,1.0,-0.0,1.0,0.0,0.0,-0.0,-0.0,-0.0,-0.0,-0.0,-0.0,1.8758328224066645e-12,1.0,-0.0,1.0
331,182.0,23.0,2.0,10.0,Alexander-Arnold,10.0,D,75.0,75.0,-0.0,10.0,10.0,1.0,-0.0,1.0,0.0,0.0,-0.0,-0.0,-0.0,-0.0,-0.0,-0.0,1.8758328224066645e-12,1.0,-0.0,1.0
332,183.0,23.0,2.0,10.0,van Dijk,10.0,D,64.0,64.0,-0.0,15.0,15.0,1.0,-0.0,1.0,0.0,0.0,-0.0,-0.0,-0.0,-0.0,-0.0,-0.0,1.8758328224066645e-12,1.0,-0.0,1.0
333,401.0,23.0,2.0,20.0,Doherty,20.0,D,61.0,61.0,-0.0,1.0,1.0,1.0,-0.0,1.0,0.0,0.0,-0.0,-0.0,-0.0,-0.0,-0.0,-0.0,1.8758328224066645e-12,1.0,-0.0,1.0
334,113.0,23.0,3.0,6.0,Willian,6.0,M,72.0,72.0,-0.0,2.0,2.0,1.0,-0.0,1.0,0.0,0.0,-0.0,-0.0,-0.0,-0.0,-0.0,-0.0,1.8758328224066645e-12,1.0,-0.0,1.0
335,192.0,23.0,3.0,10.0,Mané,10.0,M,123.0,124.0,-0.0,3.0,3.0,1.0,-0.0,1.0,0.0,0.0,-0.0,-0.0,-0.0,-0.0,-0.0,-0.0,1.8758328224066645e-12,1.0,-0.0,1.0
336,215.0,23.0,3.0,11.0,De Bruyne,11.0,M,106.0,107.0,-0.0,2.0,4.0,1.0,-0.0,1.0,0.0,1.0,-0.0,-0.0,-0.0,-0.0,-0.0,-0.0,1.8758328224066645e-12,1.0,-0.0,1.0
337,239.0,23.0,3.0,12.0,Martial,12.0,M,79.0,79.0,-0.0,2.0,2.0,1.0,-0.0,1.0,0.0,0.0,-0.0,-0.0,-0.0,-0.0,-0.0,-0.0,1.8758328224066645e-12,1.0,-0.0,1.0
338,166.0,23.0,4.0,9.0,Vardy,9.0,F,100.0,101.0,-0.0,0.0,0.0,1.0,-0.0,1.0,0.0,0.0,-0.0,-0.0,-0.0,-0.0,-0.0,-0.0,1.8758328224066645e-12,1.0,-0.0,1.0
339,313.0,23.0,4.0,16.0,Ings,16.0,F,67.0,69.0,-0.0,2.0,2.0,1.0,-0.0,1.0,0.0,0.0,-0.0,-0.0,-0.0,-0.0,-0.0,-0.0,1.8758328224066645e-12,1.0,-0.0,1.0
340,409.0,23.0,4.0,20.0,Jiménez,20.0,F,75.0,75.0,-0.0,13.0,13.0,1.0,-0.0,1.0,0.0,0.0,-0.0,-0.0,-0.0,-0.0,-0.0,-0.0,1.8758328224066645e-12,1.0,-0.0,1.0
341,47.0,23.0,1.0,4.0,Ryan,4.0,G,48.0,49.0,-0.0,2.0,0.0,1.0,-0.0,0.0,0.0,0.0,-0.0,-0.0,-0.0,-0.0,-0.0,-0.0,1.8758328224066645e-12,1.0,-0.0,1.0
342,42.0,23.0,2.0,4.0,Dunk,4.0,D,48.0,48.0,-0.0,1.0,0.0,1.0,-0.0,0.0,0.0,0.0,-0.0,-0.0,-0.0,-0.0,-0.0,-0.0,1.8758328224066645e-12,1.0,-0.0,1.0
343,447.0,23.0,2.0,5.0,Pieters,5.0,D,43.0,43.0,-0.0,0.0,0.0,1.0,-0.0,0.0,0.0,0.0,-0.0,-0.0,-0.0,-0.0,-0.0,-0.0,1.8758328224066645e-12,1.0,-0.0,1.0
344,420.0,23.0,3.0,20.0,Dendoncker,20.0,M,44.0,44.0,-0.0,2.0,0.0,1.0,-0.0,0.0,0.0,0.0,-0.0,-0.0,-0.0,-0.0,-0.0,-0.0,1.8758328224066645e-12,1.0,-0.0,1.0
345,93.0,24.0,1.0,5.0,Pope,5.0,G,46.0,46.0,-0.0,10.0,10.0,1.0,-0.0,1.0,0.0,0.0,-0.0,-0.0,-0.0,-0.0,-0.0,-0.0,1.8758328224066645e-12,1.0,-0.0,1.0
346,182.0,24.0,2.0,10.0,Alexander-Arnold,10.0,D,75.0,76.0,-0.0,12.0,12.0,1.0,-0.0,1.0,0.0,0.0,-0.0,-0.0,-0.0,-0.0,-0.0,-0.0,1.8758328224066645e-12,1.0,-0.0,1.0
347,183.0,24.0,2.0,10.0,van Dijk,10.0,D,64.0,64.0,-0.0,8.0,8.0,1.0,-0.0,1.0,0.0,0.0,-0.0,-0.0,-0.0,-0.0,-0.0,-0.0,1.8758328224066645e-12,1.0,-0.0,1.0
348,401.0,24.0,2.0,20.0,Doherty,20.0,D,61.0,61.0,-0.0,1.0,1.0,1.0,-0.0,1.0,0.0,0.0,-0.0,-0.0,-0.0,-0.0,-0.0,-0.0,1.8758328224066645e-12,1.0,-0.0,1.0
349,113.0,24.0,3.0,6.0,Willian,6.0,M,72.0,72.0,-0.0,2.0,2.0,1.0,-0.0,1.0,0.0,0.0,-0.0,-0.0,-0.0,-0.0,-0.0,-0.0,1.8758328224066645e-12,1.0,-0.0,1.0
350,192.0,24.0,3.0,10.0,Mané,10.0,M,124.0,124.0,-0.0,1.0,1.0,1.0,-0.0,1.0,0.0,0.0,-0.0,-0.0,-0.0,-0.0,-0.0,-0.0,1.8758328224066645e-12,1.0,-0.0,1.0
351,215.0,24.0,3.0,11.0,De Bruyne,11.0,M,107.0,107.0,-0.0,7.0,14.0,1.0,-0.0,1.0,0.0,1.0,-0.0,-0.0,-0.0,-0.0,-0.0,-0.0,1.8758328224066645e-12,1.0,-0.0,1.0
352,239.0,24.0,3.0,12.0,Martial,12.0,M,79.0,79.0,-0.0,2.0,2.0,1.0,-0.0,1.0,0.0,0.0,-0.0,-0.0,-0.0,-0.0,-0.0,-0.0,1.8758328224066645e-12,1.0,-0.0,1.0
353,166.0,24.0,4.0,9.0,Vardy,9.0,F,100.0,101.0,-0.0,1.0,1.0,1.0,-0.0,1.0,0.0,0.0,-0.0,-0.0,-0.0,-0.0,-0.0,-0.0,1.8758328224066645e-12,1.0,-0.0,1.0
354,313.0,24.0,4.0,16.0,Ings,16.0,F,69.0,70.0,-0.0,1.0,1.0,1.0,-0.0,1.0,0.0,0.0,-0.0,-0.0,-0.0,-0.0,-0.0,-0.0,1.8758328224066645e-12,1.0,-0.0,1.0
355,409.0,24.0,4.0,20.0,Jiménez,20.0,F,75.0,75.0,-0.0,8.0,8.0,1.0,-0.0,1.0,0.0,0.0,-0.0,-0.0,-0.0,-0.0,-0.0,-0.0,1.8758328224066645e-12,1.0,-0.0,1.0
356,47.0,24.0,1.0,4.0,Ryan,4.0,G,49.0,49.0,-0.0,1.0,0.0,1.0,-0.0,0.0,0.0,0.0,-0.0,-0.0,-0.0,-0.0,-0.0,-0.0,1.8758328224066645e-12,1.0,-0.0,1.0
357,42.0,24.0,2.0,4.0,Dunk,4.0,D,48.0,48.0,-0.0,1.0,0.0,1.0,-0.0,0.0,0.0,0.0,-0.0,-0.0,-0.0,-0.0,-0.0,-0.0,1.8758328224066645e-12,1.0,-0.0,1.0
358,447.0,24.0,2.0,5.0,Pieters,5.0,D,43.0,43.0,-0.0,0.0,0.0,1.0,-0.0,0.0,0.0,0.0,-0.0,-0.0,-0.0,-0.0,-0.0,-0.0,1.8758328224066645e-12,1.0,-0.0,1.0
359,420.0,24.0,3.0,20.0,Dendoncker,20.0,M,44.0,44.0,-0.0,2.0,0.0,1.0,-0.0,0.0,0.0,0.0,-0.0,-0.0,-0.0,-0.0,-0.0,-0.0,1.8758328224066645e-12,1.0,-0.0,1.0
360,93.0,25.0,1.0,5.0,Pope,5.0,G,46.0,46.0,-0.0,6.0,6.0,1.0,-0.0,1.0,0.0,0.0,-0.0,-0.0,-0.0,-0.0,-0.0,-0.0,1.8758328224066645e-12,1.0,-0.0,1.0
361,182.0,25.0,2.0,10.0,Alexander-Arnold,10.0,D,76.0,76.0,-0.0,6.0,6.0,1.0,-0.0,1.0,0.0,0.0,-0.0,-0.0,-0.0,-0.0,-0.0,-0.0,1.8758328224066645e-12,1.0,-0.0,1.0
362,183.0,25.0,2.0,10.0,van Dijk,10.0,D,64.0,65.0,-0.0,6.0,6.0,1.0,-0.0,1.0,0.0,0.0,-0.0,-0.0,-0.0,-0.0,-0.0,-0.0,1.8758328224066645e-12,1.0,-0.0,1.0
363,401.0,25.0,2.0,20.0,Doherty,20.0,D,61.0,61.0,-0.0,6.0,6.0,1.0,-0.0,1.0,0.0,0.0,-0.0,-0.0,-0.0,-0.0,-0.0,-0.0,1.8758328224066645e-12,1.0,-0.0,1.0
364,113.0,25.0,3.0,6.0,Willian,6.0,M,72.0,72.0,-0.0,1.0,1.0,1.0,-0.0,1.0,0.0,0.0,-0.0,-0.0,-0.0,-0.0,-0.0,-0.0,1.8758328224066645e-12,1.0,-0.0,1.0
365,192.0,25.0,3.0,10.0,Mané,10.0,M,123.0,124.0,-0.0,0.0,0.0,1.0,-0.0,1.0,0.0,0.0,-0.0,-0.0,-0.0,-0.0,-0.0,-0.0,1.8758328224066645e-12,1.0,-0.0,1.0
366,215.0,25.0,3.0,11.0,De Bruyne,11.0,M,107.0,107.0,-0.0,2.0,4.0,1.0,-0.0,1.0,0.0,1.0,-0.0,-0.0,-0.0,-0.0,-0.0,-0.0,1.8758328224066645e-12,1.0,-0.0,1.0
367,239.0,25.0,3.0,12.0,Martial,12.0,M,79.0,79.0,-0.0,3.0,3.0,1.0,-0.0,1.0,0.0,0.0,-0.0,-0.0,-0.0,-0.0,-0.0,-0.0,1.8758328224066645e-12,1.0,-0.0,1.0
368,166.0,25.0,4.0,9.0,Vardy,9.0,F,99.0,100.0,-0.0,2.0,2.0,1.0,-0.0,1.0,0.0,0.0,-0.0,-0.0,-0.0,-0.0,-0.0,-0.0,1.8758328224066645e-12,1.0,-0.0,1.0
369,313.0,25.0,4.0,16.0,Ings,16.0,F,70.0,70.0,-0.0,2.0,2.0,1.0,-0.0,1.0,0.0,0.0,-0.0,-0.0,-0.0,-0.0,-0.0,-0.0,1.8758328224066645e-12,1.0,-0.0,1.0
370,409.0,25.0,4.0,20.0,Jiménez,20.0,F,75.0,76.0,-0.0,2.0,2.0,1.0,-0.0,1.0,0.0,0.0,-0.0,-0.0,-0.0,-0.0,-0.0,-0.0,1.8758328224066645e-12,1.0,-0.0,1.0
371,47.0,25.0,1.0,4.0,Ryan,4.0,G,49.0,49.0,-0.0,2.0,0.0,1.0,-0.0,0.0,0.0,0.0,-0.0,-0.0,-0.0,-0.0,-0.0,-0.0,1.8758328224066645e-12,1.0,-0.0,1.0
372,42.0,25.0,2.0,4.0,Dunk,4.0,D,48.0,48.0,-0.0,1.0,0.0,1.0,-0.0,0.0,0.0,0.0,-0.0,-0.0,-0.0,-0.0,-0.0,-0.0,1.8758328224066645e-12,1.0,-0.0,1.0
373,447.0,25.0,2.0,5.0,Pieters,5.0,D,43.0,43.0,-0.0,0.0,0.0,1.0,-0.0,0.0,0.0,0.0,-0.0,-0.0,-0.0,-0.0,-0.0,-0.0,1.8758328224066645e-12,1.0,-0.0,1.0
374,420.0,25.0,3.0,20.0,Dendoncker,20.0,M,44.0,44.0,-0.0,1.0,0.0,1.0,-0.0,0.0,0.0,0.0,-0.0,-0.0,-0.0,-0.0,-0.0,-0.0,1.8758328224066645e-12,1.0,-0.0,1.0
375,93.0,26.0,1.0,5.0,Pope,5.0,G,46.0,47.0,-0.0,2.0,2.0,1.0,-0.0,1.0,0.0,0.0,-0.0,-0.0,-0.0,-0.0,-0.0,-0.0,1.8758328224066645e-12,1.0,-0.0,1.0
376,182.0,26.0,2.0,10.0,Alexander-Arnold,10.0,D,76.0,77.0,-0.0,7.0,7.0,1.0,-0.0,1.0,0.0,0.0,-0.0,-0.0,-0.0,-0.0,-0.0,-0.0,1.8758328224066645e-12,1.0,-0.0,1.0
377,183.0,26.0,2.0,10.0,van Dijk,10.0,D,65.0,65.0,-0.0,6.0,6.0,1.0,-0.0,1.0,0.0,0.0,-0.0,-0.0,-0.0,-0.0,-0.0,-0.0,1.8758328224066645e-12,1.0,-0.0,1.0
378,401.0,26.0,2.0,20.0,Doherty,20.0,D,61.0,61.0,-0.0,6.0,6.0,1.0,-0.0,1.0,0.0,0.0,-0.0,-0.0,-0.0,-0.0,-0.0,-0.0,1.8758328224066645e-12,1.0,-0.0,1.0
379,113.0,26.0,3.0,6.0,Willian,6.0,M,71.0,72.0,-0.0,1.0,1.0,1.0,-0.0,1.0,0.0,0.0,-0.0,-0.0,-0.0,-0.0,-0.0,-0.0,1.8758328224066645e-12,1.0,-0.0,1.0
380,192.0,26.0,3.0,10.0,Mané,10.0,M,122.0,123.0,-0.0,5.0,5.0,1.0,-0.0,1.0,0.0,0.0,-0.0,-0.0,-0.0,-0.0,-0.0,-0.0,1.8758328224066645e-12,1.0,-0.0,1.0
381,215.0,26.0,3.0,11.0,De Bruyne,11.0,M,107.0,108.0,-0.0,14.0,28.0,1.0,-0.0,1.0,0.0,1.0,-0.0,-0.0,-0.0,-0.0,-0.0,-0.0,1.8758328224066645e-12,1.0,-0.0,1.0
382,239.0,26.0,3.0,12.0,Martial,12.0,M,79.0,79.0,-0.0,8.0,8.0,1.0,-0.0,1.0,0.0,0.0,-0.0,-0.0,-0.0,-0.0,-0.0,-0.0,1.8758328224066645e-12,1.0,-0.0,1.0
383,166.0,26.0,4.0,9.0,Vardy,9.0,F,98.0,99.0,-0.0,2.0,2.0,1.0,-0.0,1.0,0.0,0.0,-0.0,-0.0,-0.0,-0.0,-0.0,-0.0,1.8758328224066645e-12,1.0,-0.0,1.0
384,313.0,26.0,4.0,16.0,Ings,16.0,F,70.0,70.0,-0.0,7.0,7.0,1.0,-0.0,1.0,0.0,0.0,-0.0,-0.0,-0.0,-0.0,-0.0,-0.0,1.8758328224066645e-12,1.0,-0.0,1.0
385,409.0,26.0,4.0,20.0,Jiménez,20.0,F,76.0,77.0,-0.0,2.0,2.0,1.0,-0.0,1.0,0.0,0.0,-0.0,-0.0,-0.0,-0.0,-0.0,-0.0,1.8758328224066645e-12,1.0,-0.0,1.0
386,47.0,26.0,1.0,4.0,Ryan,4.0,G,49.0,49.0,-0.0,2.0,0.0,1.0,-0.0,0.0,0.0,0.0,-0.0,-0.0,-0.0,-0.0,-0.0,-0.0,1.8758328224066645e-12,1.0,-0.0,1.0
387,42.0,26.0,2.0,4.0,Dunk,4.0,D,48.0,48.0,-0.0,2.0,0.0,1.0,-0.0,0.0,0.0,0.0,-0.0,-0.0,-0.0,-0.0,-0.0,-0.0,1.8758328224066645e-12,1.0,-0.0,1.0
388,447.0,26.0,2.0,5.0,Pieters,5.0,D,43.0,43.0,-0.0,0.0,0.0,1.0,-0.0,0.0,0.0,0.0,-0.0,-0.0,-0.0,-0.0,-0.0,-0.0,1.8758328224066645e-12,1.0,-0.0,1.0
389,420.0,26.0,3.0,20.0,Dendoncker,20.0,M,44.0,44.0,-0.0,2.0,0.0,1.0,-0.0,0.0,0.0,0.0,-0.0,-0.0,-0.0,-0.0,-0.0,-0.0,1.8758328224066645e-12,1.0,-0.0,1.0
390,93.0,27.0,1.0,5.0,Pope,5.0,G,47.0,47.0,-0.0,9.0,9.0,1.0,-0.0,1.0,0.0,0.0,-0.0,-0.0,-0.0,-0.0,-0.0,-0.0,1.8758328224066645e-12,1.0,-0.0,1.0
391,182.0,27.0,2.0,10.0,Alexander-Arnold,10.0,D,77.0,77.0,-0.0,10.0,10.0,1.0,-0.0,1.0,0.0,0.0,-0.0,-0.0,-0.0,-0.0,-0.0,-0.0,1.8758328224066645e-12,1.0,-0.0,1.0
392,183.0,27.0,2.0,10.0,van Dijk,10.0,D,65.0,65.0,-0.0,1.0,1.0,1.0,-0.0,1.0,0.0,0.0,-0.0,-0.0,-0.0,-0.0,-0.0,-0.0,1.8758328224066645e-12,1.0,-0.0,1.0
393,401.0,27.0,2.0,20.0,Doherty,20.0,D,61.0,61.0,-0.0,10.0,10.0,1.0,-0.0,1.0,0.0,0.0,-0.0,-0.0,-0.0,-0.0,-0.0,-0.0,1.8758328224066645e-12,1.0,-0.0,1.0
394,113.0,27.0,3.0,6.0,Willian,6.0,M,70.0,71.0,-0.0,1.0,1.0,1.0,-0.0,1.0,0.0,0.0,-0.0,-0.0,-0.0,-0.0,-0.0,-0.0,1.8758328224066645e-12,1.0,-0.0,1.0
395,192.0,27.0,3.0,10.0,Mané,10.0,M,122.0,123.0,-0.0,8.0,8.0,1.0,-0.0,1.0,0.0,0.0,-0.0,-0.0,-0.0,-0.0,-0.0,-0.0,1.8758328224066645e-12,1.0,-0.0,1.0
396,215.0,27.0,3.0,11.0,De Bruyne,11.0,M,108.0,108.0,-0.0,3.0,6.0,1.0,-0.0,1.0,0.0,1.0,-0.0,-0.0,-0.0,-0.0,-0.0,-0.0,1.8758328224066645e-12,1.0,-0.0,1.0
397,239.0,27.0,3.0,12.0,Martial,12.0,M,79.0,79.0,-0.0,8.0,8.0,1.0,-0.0,1.0,0.0,0.0,-0.0,-0.0,-0.0,-0.0,-0.0,-0.0,1.8758328224066645e-12,1.0,-0.0,1.0
398,166.0,27.0,4.0,9.0,Vardy,9.0,F,97.0,98.0,-0.0,2.0,2.0,1.0,-0.0,1.0,0.0,0.0,-0.0,-0.0,-0.0,-0.0,-0.0,-0.0,1.8758328224066645e-12,1.0,-0.0,1.0
399,313.0,27.0,4.0,16.0,Ings,16.0,F,70.0,71.0,-0.0,2.0,2.0,1.0,-0.0,1.0,0.0,0.0,-0.0,-0.0,-0.0,-0.0,-0.0,-0.0,1.8758328224066645e-12,1.0,-0.0,1.0
400,409.0,27.0,4.0,20.0,Jiménez,20.0,F,77.0,78.0,-0.0,5.0,5.0,1.0,-0.0,1.0,0.0,0.0,-0.0,-0.0,-0.0,-0.0,-0.0,-0.0,1.8758328224066645e-12,1.0,-0.0,1.0
401,47.0,27.0,1.0,4.0,Ryan,4.0,G,48.0,49.0,-0.0,2.0,0.0,1.0,-0.0,0.0,0.0,0.0,-0.0,-0.0,-0.0,-0.0,-0.0,-0.0,1.8758328224066645e-12,1.0,-0.0,1.0
402,42.0,27.0,2.0,4.0,Dunk,4.0,D,48.0,48.0,-0.0,2.0,0.0,1.0,-0.0,0.0,0.0,0.0,-0.0,-0.0,-0.0,-0.0,-0.0,-0.0,1.8758328224066645e-12,1.0,-0.0,1.0
403,447.0,27.0,2.0,5.0,Pieters,5.0,D,42.0,43.0,-0.0,0.0,0.0,1.0,-0.0,0.0,0.0,0.0,-0.0,-0.0,-0.0,-0.0,-0.0,-0.0,1.8758328224066645e-12,1.0,-0.0,1.0
404,420.0,27.0,3.0,20.0,Dendoncker,20.0,M,44.0,44.0,-0.0,3.0,0.0,1.0,-0.0,0.0,0.0,0.0,-0.0,-0.0,-0.0,-0.0,-0.0,-0.0,1.8758328224066645e-12,1.0,-0.0,1.0
405,93.0,28.0,1.0,5.0,Pope,5.0,G,47.0,48.0,-0.0,10.0,10.0,1.0,-0.0,1.0,0.0,0.0,-0.0,-0.0,-0.0,-0.0,-0.0,-0.0,1.8758328224066645e-12,1.0,-0.0,1.0
406,182.0,28.0,2.0,10.0,Alexander-Arnold,10.0,D,77.0,77.0,-0.0,1.0,1.0,1.0,-0.0,1.0,0.0,0.0,-0.0,-0.0,-0.0,-0.0,-0.0,-0.0,1.8758328224066645e-12,1.0,-0.0,1.0
407,183.0,28.0,2.0,10.0,van Dijk,10.0,D,65.0,66.0,-0.0,1.0,1.0,1.0,-0.0,1.0,0.0,0.0,-0.0,-0.0,-0.0,-0.0,-0.0,-0.0,1.8758328224066645e-12,1.0,-0.0,1.0
408,401.0,28.0,2.0,20.0,Doherty,20.0,D,61.0,61.0,-0.0,12.0,12.0,1.0,-0.0,1.0,0.0,0.0,-0.0,-0.0,-0.0,-0.0,-0.0,-0.0,1.8758328224066645e-12,1.0,-0.0,1.0
409,113.0,28.0,3.0,6.0,Willian,6.0,M,70.0,70.0,-0.0,1.0,1.0,1.0,-0.0,1.0,0.0,0.0,-0.0,-0.0,-0.0,-0.0,-0.0,-0.0,1.8758328224066645e-12,1.0,-0.0,1.0
410,192.0,28.0,3.0,10.0,Mané,10.0,M,123.0,124.0,-0.0,0.0,0.0,1.0,-0.0,1.0,0.0,0.0,-0.0,-0.0,-0.0,-0.0,-0.0,-0.0,1.8758328224066645e-12,1.0,-0.0,1.0
411,215.0,28.0,3.0,11.0,De Bruyne,11.0,M,107.0,108.0,-0.0,0.0,0.0,1.0,-0.0,1.0,0.0,1.0,-0.0,-0.0,-0.0,-0.0,-0.0,-0.0,1.8758328224066645e-12,1.0,-0.0,1.0
412,239.0,28.0,3.0,12.0,Martial,12.0,M,79.0,80.0,-0.0,2.0,2.0,1.0,-0.0,1.0,0.0,0.0,-0.0,-0.0,-0.0,-0.0,-0.0,-0.0,1.8758328224066645e-12,1.0,-0.0,1.0
413,166.0,28.0,4.0,9.0,Vardy,9.0,F,97.0,97.0,-0.0,0.0,0.0,1.0,-0.0,1.0,0.0,0.0,-0.0,-0.0,-0.0,-0.0,-0.0,-0.0,1.8758328224066645e-12,1.0,-0.0,1.0
414,313.0,28.0,4.0,16.0,Ings,16.0,F,71.0,71.0,-0.0,1.0,1.0,1.0,-0.0,1.0,0.0,0.0,-0.0,-0.0,-0.0,-0.0,-0.0,-0.0,1.8758328224066645e-12,1.0,-0.0,1.0
415,409.0,28.0,4.0,20.0,Jiménez,20.0,F,78.0,79.0,-0.0,7.0,7.0,1.0,-0.0,1.0,0.0,0.0,-0.0,-0.0,-0.0,-0.0,-0.0,-0.0,1.8758328224066645e-12,1.0,-0.0,1.0
416,47.0,28.0,1.0,4.0,Ryan,4.0,G,48.0,48.0,-0.0,2.0,0.0,1.0,-0.0,0.0,0.0,0.0,-0.0,-0.0,-0.0,-0.0,-0.0,-0.0,1.8758328224066645e-12,1.0,-0.0,1.0
417,42.0,28.0,2.0,4.0,Dunk,4.0,D,48.0,48.0,-0.0,2.0,0.0,1.0,-0.0,0.0,0.0,0.0,-0.0,-0.0,-0.0,-0.0,-0.0,-0.0,1.8758328224066645e-12,1.0,-0.0,1.0
418,447.0,28.0,2.0,5.0,Pieters,5.0,D,42.0,42.0,-0.0,0.0,0.0,1.0,-0.0,0.0,0.0,0.0,-0.0,-0.0,-0.0,-0.0,-0.0,-0.0,1.8758328224066645e-12,1.0,-0.0,1.0
419,420.0,28.0,3.0,20.0,Dendoncker,20.0,M,44.0,44.0,-0.0,0.0,0.0,1.0,-0.0,0.0,0.0,0.0,-0.0,-0.0,-0.0,-0.0,-0.0,-0.0,1.8758328224066645e-12,1.0,-0.0,1.0
420,93.0,29.0,1.0,5.0,Pope,5.0,G,48.0,48.0,-0.0,2.0,2.0,1.0,-0.0,1.0,0.0,0.0,-0.0,-0.0,-0.0,-0.0,-0.0,-0.0,1.8758328224066645e-12,1.0,-0.0,1.0
421,182.0,29.0,2.0,10.0,Alexander-Arnold,10.0,D,77.0,78.0,-0.0,2.0,2.0,1.0,-0.0,1.0,0.0,0.0,-0.0,-0.0,-0.0,-0.0,-0.0,-0.0,1.8758328224066645e-12,1.0,-0.0,1.0
422,183.0,29.0,2.0,10.0,van Dijk,10.0,D,66.0,66.0,-0.0,6.0,6.0,1.0,-0.0,1.0,0.0,0.0,-0.0,-0.0,-0.0,-0.0,-0.0,-0.0,1.8758328224066645e-12,1.0,-0.0,1.0
423,401.0,29.0,2.0,20.0,Doherty,20.0,D,61.0,62.0,-0.0,6.0,6.0,1.0,-0.0,1.0,0.0,0.0,-0.0,-0.0,-0.0,-0.0,-0.0,-0.0,1.8758328224066645e-12,1.0,-0.0,1.0
424,113.0,29.0,3.0,6.0,Willian,6.0,M,69.0,70.0,-0.0,13.0,13.0,1.0,-0.0,1.0,0.0,0.0,-0.0,-0.0,-0.0,-0.0,-0.0,-0.0,1.8758328224066645e-12,1.0,-0.0,1.0
425,192.0,29.0,3.0,10.0,Mané,10.0,M,124.0,124.0,-0.0,13.0,13.0,1.0,-0.0,1.0,0.0,0.0,-0.0,-0.0,-0.0,-0.0,-0.0,-0.0,1.8758328224066645e-12,1.0,-0.0,1.0
426,215.0,29.0,3.0,11.0,De Bruyne,11.0,M,107.0,107.0,-0.0,0.0,0.0,1.0,-0.0,1.0,0.0,1.0,-0.0,-0.0,-0.0,-0.0,-0.0,-0.0,1.8758328224066645e-12,1.0,-0.0,1.0
427,239.0,29.0,3.0,12.0,Martial,12.0,M,79.0,80.0,-0.0,8.0,8.0,1.0,-0.0,1.0,0.0,0.0,-0.0,-0.0,-0.0,-0.0,-0.0,-0.0,1.8758328224066645e-12,1.0,-0.0,1.0
428,166.0,29.0,4.0,9.0,Vardy,9.0,F,96.0,97.0,-0.0,11.0,11.0,1.0,-0.0,1.0,0.0,0.0,-0.0,-0.0,-0.0,-0.0,-0.0,-0.0,1.8758328224066645e-12,1.0,-0.0,1.0
429,313.0,29.0,4.0,16.0,Ings,16.0,F,71.0,72.0,-0.0,2.0,2.0,1.0,-0.0,1.0,0.0,0.0,-0.0,-0.0,-0.0,-0.0,-0.0,-0.0,1.8758328224066645e-12,1.0,-0.0,1.0
430,409.0,29.0,4.0,20.0,Jiménez,20.0,F,79.0,80.0,-0.0,2.0,2.0,1.0,-0.0,1.0,0.0,0.0,-0.0,-0.0,-0.0,-0.0,-0.0,-0.0,1.8758328224066645e-12,1.0,-0.0,1.0
431,47.0,29.0,1.0,4.0,Ryan,4.0,G,48.0,48.0,-0.0,7.0,0.0,1.0,-0.0,0.0,0.0,0.0,-0.0,-0.0,-0.0,-0.0,-0.0,-0.0,1.8758328224066645e-12,1.0,-0.0,1.0
432,42.0,29.0,2.0,4.0,Dunk,4.0,D,48.0,48.0,-0.0,5.0,0.0,1.0,-0.0,0.0,0.0,0.0,-0.0,-0.0,-0.0,-0.0,-0.0,-0.0,1.8758328224066645e-12,1.0,-0.0,1.0
433,447.0,29.0,2.0,5.0,Pieters,5.0,D,42.0,42.0,-0.0,0.0,0.0,1.0,-0.0,0.0,0.0,0.0,-0.0,-0.0,-0.0,-0.0,-0.0,-0.0,1.8758328224066645e-12,1.0,-0.0,1.0
434,420.0,29.0,3.0,20.0,Dendoncker,20.0,M,44.0,44.0,-0.0,3.0,0.0,1.0,-0.0,0.0,0.0,0.0,-0.0,-0.0,-0.0,-0.0,-0.0,-0.0,1.8758328224066645e-12,1.0,-0.0,1.0
435,93.0,30.0,1.0,5.0,Pope,5.0,G,48.0,49.0,-0.0,0.0,0.0,1.0,-0.0,1.0,0.0,0.0,-0.0,-0.0,-0.0,-0.0,-0.0,-0.0,1.8758328224066645e-12,1.0,-0.0,1.0
436,182.0,30.0,2.0,10.0,Alexander-Arnold,10.0,D,78.0,78.0,-0.0,7.0,7.0,1.0,-0.0,1.0,0.0,0.0,-0.0,-0.0,-0.0,-0.0,-0.0,-0.0,1.8758328224066645e-12,1.0,-0.0,1.0
437,183.0,30.0,2.0,10.0,van Dijk,10.0,D,65.0,66.0,-0.0,6.0,6.0,1.0,-0.0,1.0,0.0,0.0,-0.0,-0.0,-0.0,-0.0,-0.0,-0.0,1.8758328224066645e-12,1.0,-0.0,1.0
438,401.0,30.0,2.0,20.0,Doherty,20.0,D,62.0,63.0,-0.0,12.0,12.0,1.0,-0.0,1.0,0.0,0.0,-0.0,-0.0,-0.0,-0.0,-0.0,-0.0,1.8758328224066645e-12,1.0,-0.0,1.0
439,113.0,30.0,3.0,6.0,Willian,6.0,M,69.0,70.0,-0.0,2.0,2.0,1.0,-0.0,1.0,0.0,0.0,-0.0,-0.0,-0.0,-0.0,-0.0,-0.0,1.8758328224066645e-12,1.0,-0.0,1.0
440,192.0,30.0,3.0,10.0,Mané,10.0,M,124.0,125.0,-0.0,3.0,3.0,1.0,-0.0,1.0,0.0,0.0,-0.0,-0.0,-0.0,-0.0,-0.0,-0.0,1.8758328224066645e-12,1.0,-0.0,1.0
441,215.0,30.0,3.0,11.0,De Bruyne,11.0,M,106.0,107.0,-0.0,15.0,30.0,1.0,-0.0,1.0,0.0,1.0,-0.0,-0.0,-0.0,-0.0,-0.0,-0.0,1.8758328224066645e-12,1.0,-0.0,1.0
442,239.0,30.0,3.0,12.0,Martial,12.0,M,79.0,80.0,-0.0,2.0,2.0,1.0,-0.0,1.0,0.0,0.0,-0.0,-0.0,-0.0,-0.0,-0.0,-0.0,1.8758328224066645e-12,1.0,-0.0,1.0
443,166.0,30.0,4.0,9.0,Vardy,9.0,F,96.0,97.0,-0.0,2.0,2.0,1.0,-0.0,1.0,0.0,0.0,-0.0,-0.0,-0.0,-0.0,-0.0,-0.0,1.8758328224066645e-12,1.0,-0.0,1.0
444,313.0,30.0,4.0,16.0,Ings,16.0,F,71.0,72.0,-0.0,11.0,11.0,1.0,-0.0,1.0,0.0,0.0,-0.0,-0.0,-0.0,-0.0,-0.0,-0.0,1.8758328224066645e-12,1.0,-0.0,1.0
445,409.0,30.0,4.0,20.0,Jiménez,20.0,F,80.0,81.0,-0.0,8.0,8.0,1.0,-0.0,1.0,0.0,0.0,-0.0,-0.0,-0.0,-0.0,-0.0,-0.0,1.8758328224066645e-12,1.0,-0.0,1.0
446,47.0,30.0,1.0,4.0,Ryan,4.0,G,47.0,48.0,-0.0,3.0,0.0,1.0,-0.0,0.0,0.0,0.0,-0.0,-0.0,-0.0,-0.0,-0.0,-0.0,1.8758328224066645e-12,1.0,-0.0,1.0
447,42.0,30.0,2.0,4.0,Dunk,4.0,D,47.0,48.0,-0.0,10.0,0.0,1.0,-0.0,0.0,0.0,0.0,-0.0,-0.0,-0.0,-0.0,-0.0,-0.0,1.8758328224066645e-12,1.0,-0.0,1.0
448,447.0,30.0,2.0,5.0,Pieters,5.0,D,42.0,42.0,-0.0,1.0,0.0,1.0,-0.0,0.0,0.0,0.0,-0.0,-0.0,-0.0,-0.0,-0.0,-0.0,1.8758328224066645e-12,1.0,-0.0,1.0
449,420.0,30.0,3.0,20.0,Dendoncker,20.0,M,44.0,44.0,-0.0,3.0,0.0,1.0,-0.0,0.0,0.0,0.0,-0.0,-0.0,-0.0,-0.0,-0.0,-0.0,1.8758328224066645e-12,1.0,-0.0,1.0
450,93.0,31.0,1.0,5.0,Pope,5.0,G,49.0,49.0,-0.0,10.0,10.0,1.0,-0.0,1.0,0.0,0.0,-0.0,-0.0,-0.0,-0.0,-0.0,-0.0,1.8758328224066645e-12,1.0,-0.0,1.0
451,182.0,31.0,2.0,10.0,Alexander-Arnold,10.0,D,78.0,78.0,-0.0,14.0,14.0,1.0,-0.0,1.0,0.0,0.0,-0.0,-0.0,-0.0,-0.0,-0.0,-0.0,1.8758328224066645e-12,1.0,-0.0,1.0
452,183.0,31.0,2.0,10.0,van Dijk,10.0,D,65.0,65.0,-0.0,9.0,9.0,1.0,-0.0,1.0,0.0,0.0,-0.0,-0.0,-0.0,-0.0,-0.0,-0.0,1.8758328224066645e-12,1.0,-0.0,1.0
453,401.0,31.0,2.0,20.0,Doherty,20.0,D,63.0,63.0,-0.0,6.0,6.0,1.0,-0.0,1.0,0.0,0.0,-0.0,-0.0,-0.0,-0.0,-0.0,-0.0,1.8758328224066645e-12,1.0,-0.0,1.0
454,113.0,31.0,3.0,6.0,Willian,6.0,M,70.0,70.0,-0.0,10.0,10.0,1.0,-0.0,1.0,0.0,0.0,-0.0,-0.0,-0.0,-0.0,-0.0,-0.0,1.8758328224066645e-12,1.0,-0.0,1.0
455,192.0,31.0,3.0,10.0,Mané,10.0,M,125.0,125.0,-0.0,9.0,9.0,1.0,-0.0,1.0,0.0,0.0,-0.0,-0.0,-0.0,-0.0,-0.0,-0.0,1.8758328224066645e-12,1.0,-0.0,1.0
456,215.0,31.0,3.0,11.0,De Bruyne,11.0,M,106.0,106.0,-0.0,8.0,16.0,1.0,-0.0,1.0,0.0,1.0,-0.0,-0.0,-0.0,-0.0,-0.0,-0.0,1.8758328224066645e-12,1.0,-0.0,1.0
457,239.0,31.0,3.0,12.0,Martial,12.0,M,80.0,80.0,-0.0,21.0,21.0,1.0,-0.0,1.0,0.0,0.0,-0.0,-0.0,-0.0,-0.0,-0.0,-0.0,1.8758328224066645e-12,1.0,-0.0,1.0
458,166.0,31.0,4.0,9.0,Vardy,9.0,F,97.0,97.0,-0.0,2.0,2.0,1.0,-0.0,1.0,0.0,0.0,-0.0,-0.0,-0.0,-0.0,-0.0,-0.0,1.8758328224066645e-12,1.0,-0.0,1.0
459,313.0,31.0,4.0,16.0,Ings,16.0,F,71.0,72.0,-0.0,2.0,2.0,1.0,-0.0,1.0,0.0,0.0,-0.0,-0.0,-0.0,-0.0,-0.0,-0.0,1.8758328224066645e-12,1.0,-0.0,1.0
460,409.0,31.0,4.0,20.0,Jiménez,20.0,F,81.0,82.0,-0.0,9.0,9.0,1.0,-0.0,1.0,0.0,0.0,-0.0,-0.0,-0.0,-0.0,-0.0,-0.0,1.8758328224066645e-12,1.0,-0.0,1.0
461,47.0,31.0,1.0,4.0,Ryan,4.0,G,47.0,47.0,-0.0,6.0,0.0,1.0,-0.0,0.0,0.0,0.0,-0.0,-0.0,-0.0,-0.0,-0.0,-0.0,1.8758328224066645e-12,1.0,-0.0,1.0
462,42.0,31.0,2.0,4.0,Dunk,4.0,D,47.0,47.0,-0.0,6.0,0.0,1.0,-0.0,0.0,0.0,0.0,-0.0,-0.0,-0.0,-0.0,-0.0,-0.0,1.8758328224066645e-12,1.0,-0.0,1.0
463,447.0,31.0,2.0,5.0,Pieters,5.0,D,42.0,42.0,-0.0,1.0,0.0,1.0,-0.0,0.0,0.0,0.0,-0.0,-0.0,-0.0,-0.0,-0.0,-0.0,1.8758328224066645e-12,1.0,-0.0,1.0
464,420.0,31.0,3.0,20.0,Dendoncker,20.0,M,44.0,44.0,-0.0,1.0,0.0,1.0,-0.0,0.0,0.0,0.0,-0.0,-0.0,-0.0,-0.0,-0.0,-0.0,1.8758328224066645e-12,1.0,-0.0,1.0
465,93.0,32.0,1.0,5.0,Pope,5.0,G,49.0,50.0,-0.0,9.0,9.0,1.0,-0.0,1.0,0.0,0.0,-0.0,-0.0,-0.0,-0.0,-0.0,-0.0,1.8758328224066645e-12,1.0,-0.0,1.0
466,182.0,32.0,2.0,10.0,Alexander-Arnold,10.0,D,78.0,78.0,-0.0,0.0,0.0,1.0,-0.0,1.0,0.0,0.0,-0.0,-0.0,-0.0,-0.0,-0.0,-0.0,1.8758328224066645e-12,1.0,-0.0,1.0
467,183.0,32.0,2.0,10.0,van Dijk,10.0,D,65.0,65.0,-0.0,0.0,0.0,1.0,-0.0,1.0,0.0,0.0,-0.0,-0.0,-0.0,-0.0,-0.0,-0.0,1.8758328224066645e-12,1.0,-0.0,1.0
468,401.0,32.0,2.0,20.0,Doherty,20.0,D,63.0,64.0,-0.0,6.0,6.0,1.0,-0.0,1.0,0.0,0.0,-0.0,-0.0,-0.0,-0.0,-0.0,-0.0,1.8758328224066645e-12,1.0,-0.0,1.0
469,113.0,32.0,3.0,6.0,Willian,6.0,M,70.0,70.0,-0.0,14.0,14.0,1.0,-0.0,1.0,0.0,0.0,-0.0,-0.0,-0.0,-0.0,-0.0,-0.0,1.8758328224066645e-12,1.0,-0.0,1.0
470,192.0,32.0,3.0,10.0,Mané,10.0,M,125.0,125.0,-0.0,2.0,2.0,1.0,-0.0,1.0,0.0,0.0,-0.0,-0.0,-0.0,-0.0,-0.0,-0.0,1.8758328224066645e-12,1.0,-0.0,1.0
471,215.0,32.0,3.0,11.0,De Bruyne,11.0,M,106.0,107.0,-0.0,14.0,28.0,1.0,-0.0,1.0,0.0,1.0,-0.0,-0.0,-0.0,-0.0,-0.0,-0.0,1.8758328224066645e-12,1.0,-0.0,1.0
472,239.0,32.0,3.0,12.0,Martial,12.0,M,80.0,81.0,-0.0,3.0,3.0,1.0,-0.0,1.0,0.0,0.0,-0.0,-0.0,-0.0,-0.0,-0.0,-0.0,1.8758328224066645e-12,1.0,-0.0,1.0
473,166.0,32.0,4.0,9.0,Vardy,9.0,F,97.0,98.0,-0.0,2.0,2.0,1.0,-0.0,1.0,0.0,0.0,-0.0,-0.0,-0.0,-0.0,-0.0,-0.0,1.8758328224066645e-12,1.0,-0.0,1.0
474,313.0,32.0,4.0,16.0,Ings,16.0,F,72.0,72.0,-0.0,13.0,13.0,1.0,-0.0,1.0,0.0,0.0,-0.0,-0.0,-0.0,-0.0,-0.0,-0.0,1.8758328224066645e-12,1.0,-0.0,1.0
475,409.0,32.0,4.0,20.0,Jiménez,20.0,F,82.0,83.0,-0.0,2.0,2.0,1.0,-0.0,1.0,0.0,0.0,-0.0,-0.0,-0.0,-0.0,-0.0,-0.0,1.8758328224066645e-12,1.0,-0.0,1.0
476,47.0,32.0,1.0,4.0,Ryan,4.0,G,47.0,47.0,-0.0,2.0,0.0,1.0,-0.0,0.0,0.0,0.0,-0.0,-0.0,-0.0,-0.0,-0.0,-0.0,1.8758328224066645e-12,1.0,-0.0,1.0
477,42.0,32.0,2.0,4.0,Dunk,4.0,D,47.0,47.0,-0.0,1.0,0.0,1.0,-0.0,0.0,0.0,0.0,-0.0,-0.0,-0.0,-0.0,-0.0,-0.0,1.8758328224066645e-12,1.0,-0.0,1.0
478,447.0,32.0,2.0,5.0,Pieters,5.0,D,42.0,42.0,-0.0,6.0,0.0,1.0,-0.0,0.0,0.0,0.0,-0.0,-0.0,-0.0,-0.0,-0.0,-0.0,1.8758328224066645e-12,1.0,-0.0,1.0
479,420.0,32.0,3.0,20.0,Dendoncker,20.0,M,44.0,44.0,-0.0,10.0,0.0,1.0,-0.0,0.0,0.0,0.0,-0.0,-0.0,-0.0,-0.0,-0.0,-0.0,1.8758328224066645e-12,1.0,-0.0,1.0
480,93.0,33.0,1.0,5.0,Pope,5.0,G,50.0,50.0,-0.0,2.0,2.0,1.0,-0.0,1.0,0.0,0.0,-0.0,-0.0,-0.0,-0.0,-0.0,-0.0,1.8758328224066645e-12,1.0,-0.0,1.0
481,182.0,33.0,2.0,10.0,Alexander-Arnold,10.0,D,78.0,78.0,-0.0,6.0,6.0,1.0,-0.0,1.0,0.0,0.0,-0.0,-0.0,-0.0,-0.0,-0.0,-0.0,1.8758328224066645e-12,1.0,-0.0,1.0
482,183.0,33.0,2.0,10.0,van Dijk,10.0,D,65.0,65.0,-0.0,7.0,7.0,1.0,-0.0,1.0,0.0,0.0,-0.0,-0.0,-0.0,-0.0,-0.0,-0.0,1.8758328224066645e-12,1.0,-0.0,1.0
483,401.0,33.0,2.0,20.0,Doherty,20.0,D,64.0,64.0,-0.0,2.0,2.0,1.0,-0.0,1.0,0.0,0.0,-0.0,-0.0,-0.0,-0.0,-0.0,-0.0,1.8758328224066645e-12,1.0,-0.0,1.0
484,113.0,33.0,3.0,6.0,Willian,6.0,M,70.0,71.0,-0.0,9.0,9.0,1.0,-0.0,1.0,0.0,0.0,-0.0,-0.0,-0.0,-0.0,-0.0,-0.0,1.8758328224066645e-12,1.0,-0.0,1.0
485,192.0,33.0,3.0,10.0,Mané,10.0,M,124.0,125.0,-0.0,11.0,11.0,1.0,-0.0,1.0,0.0,0.0,-0.0,-0.0,-0.0,-0.0,-0.0,-0.0,1.8758328224066645e-12,1.0,-0.0,1.0
486,215.0,33.0,3.0,11.0,De Bruyne,11.0,M,107.0,107.0,-0.0,1.0,2.0,1.0,-0.0,1.0,0.0,1.0,-0.0,-0.0,-0.0,-0.0,-0.0,-0.0,1.8758328224066645e-12,1.0,-0.0,1.0
487,239.0,33.0,3.0,12.0,Martial,12.0,M,81.0,82.0,-0.0,14.0,14.0,1.0,-0.0,1.0,0.0,0.0,-0.0,-0.0,-0.0,-0.0,-0.0,-0.0,1.8758328224066645e-12,1.0,-0.0,1.0
488,166.0,33.0,4.0,9.0,Vardy,9.0,F,97.0,98.0,-0.0,13.0,13.0,1.0,-0.0,1.0,0.0,0.0,-0.0,-0.0,-0.0,-0.0,-0.0,-0.0,1.8758328224066645e-12,1.0,-0.0,1.0
489,313.0,33.0,4.0,16.0,Ings,16.0,F,72.0,73.0,-0.0,2.0,2.0,1.0,-0.0,1.0,0.0,0.0,-0.0,-0.0,-0.0,-0.0,-0.0,-0.0,1.8758328224066645e-12,1.0,-0.0,1.0
490,409.0,33.0,4.0,20.0,Jiménez,20.0,F,83.0,83.0,-0.0,2.0,2.0,1.0,-0.0,1.0,0.0,0.0,-0.0,-0.0,-0.0,-0.0,-0.0,-0.0,1.8758328224066645e-12,1.0,-0.0,1.0
491,47.0,33.0,1.0,4.0,Ryan,4.0,G,47.0,47.0,-0.0,7.0,0.0,1.0,-0.0,0.0,0.0,0.0,-0.0,-0.0,-0.0,-0.0,-0.0,-0.0,1.8758328224066645e-12,1.0,-0.0,1.0
492,42.0,33.0,2.0,4.0,Dunk,4.0,D,47.0,47.0,-0.0,8.0,0.0,1.0,-0.0,0.0,0.0,0.0,-0.0,-0.0,-0.0,-0.0,-0.0,-0.0,1.8758328224066645e-12,1.0,-0.0,1.0
493,447.0,33.0,2.0,5.0,Pieters,5.0,D,42.0,42.0,-0.0,2.0,0.0,1.0,-0.0,0.0,0.0,0.0,-0.0,-0.0,-0.0,-0.0,-0.0,-0.0,1.8758328224066645e-12,1.0,-0.0,1.0
494,420.0,33.0,3.0,20.0,Dendoncker,20.0,M,44.0,44.0,-0.0,1.0,0.0,1.0,-0.0,0.0,0.0,0.0,-0.0,-0.0,-0.0,-0.0,-0.0,-0.0,1.8758328224066645e-12,1.0,-0.0,1.0
495,93.0,34.0,1.0,5.0,Pope,5.0,G,50.0,50.0,-0.0,8.0,8.0,1.0,-0.0,1.0,0.0,0.0,-0.0,-0.0,-0.0,-0.0,-0.0,-0.0,1.8758328224066645e-12,1.0,-0.0,1.0
496,182.0,34.0,2.0,10.0,Alexander-Arnold,10.0,D,78.0,78.0,-0.0,2.0,2.0,1.0,-0.0,1.0,0.0,0.0,-0.0,-0.0,-0.0,-0.0,-0.0,-0.0,1.8758328224066645e-12,1.0,-0.0,1.0
497,183.0,34.0,2.0,10.0,van Dijk,10.0,D,65.0,65.0,-0.0,2.0,2.0,1.0,-0.0,1.0,0.0,0.0,-0.0,-0.0,-0.0,-0.0,-0.0,-0.0,1.8758328224066645e-12,1.0,-0.0,1.0
498,401.0,34.0,2.0,20.0,Doherty,20.0,D,64.0,64.0,-0.0,2.0,2.0,1.0,-0.0,1.0,0.0,0.0,-0.0,-0.0,-0.0,-0.0,-0.0,-0.0,1.8758328224066645e-12,1.0,-0.0,1.0
499,113.0,34.0,3.0,6.0,Willian,6.0,M,71.0,72.0,-0.0,11.0,11.0,1.0,-0.0,1.0,0.0,0.0,-0.0,-0.0,-0.0,-0.0,-0.0,-0.0,1.8758328224066645e-12,1.0,-0.0,1.0
500,192.0,34.0,3.0,10.0,Mané,10.0,M,124.0,124.0,-0.0,0.0,0.0,1.0,-0.0,1.0,0.0,0.0,-0.0,-0.0,-0.0,-0.0,-0.0,-0.0,1.8758328224066645e-12,1.0,-0.0,1.0
501,215.0,34.0,3.0,11.0,De Bruyne,11.0,M,107.0,108.0,-0.0,7.0,14.0,1.0,-0.0,1.0,0.0,1.0,-0.0,-0.0,-0.0,-0.0,-0.0,-0.0,1.8758328224066645e-12,1.0,-0.0,1.0
502,239.0,34.0,3.0,12.0,Martial,12.0,M,82.0,83.0,-0.0,6.0,6.0,1.0,-0.0,1.0,0.0,0.0,-0.0,-0.0,-0.0,-0.0,-0.0,-0.0,1.8758328224066645e-12,1.0,-0.0,1.0
503,166.0,34.0,4.0,9.0,Vardy,9.0,F,97.0,97.0,-0.0,9.0,9.0,1.0,-0.0,1.0,0.0,0.0,-0.0,-0.0,-0.0,-0.0,-0.0,-0.0,1.8758328224066645e-12,1.0,-0.0,1.0
504,313.0,34.0,4.0,16.0,Ings,16.0,F,73.0,73.0,-0.0,9.0,9.0,1.0,-0.0,1.0,0.0,0.0,-0.0,-0.0,-0.0,-0.0,-0.0,-0.0,1.8758328224066645e-12,1.0,-0.0,1.0
505,409.0,34.0,4.0,20.0,Jiménez,20.0,F,83.0,83.0,-0.0,2.0,2.0,1.0,-0.0,1.0,0.0,0.0,-0.0,-0.0,-0.0,-0.0,-0.0,-0.0,1.8758328224066645e-12,1.0,-0.0,1.0
506,47.0,34.0,1.0,4.0,Ryan,4.0,G,47.0,47.0,-0.0,2.0,0.0,1.0,-0.0,0.0,0.0,0.0,-0.0,-0.0,-0.0,-0.0,-0.0,-0.0,1.8758328224066645e-12,1.0,-0.0,1.0
507,42.0,34.0,2.0,4.0,Dunk,4.0,D,47.0,48.0,-0.0,1.0,0.0,1.0,-0.0,0.0,0.0,0.0,-0.0,-0.0,-0.0,-0.0,-0.0,-0.0,1.8758328224066645e-12,1.0,-0.0,1.0
508,447.0,34.0,2.0,5.0,Pieters,5.0,D,42.0,42.0,-0.0,6.0,0.0,1.0,-0.0,0.0,0.0,0.0,-0.0,-0.0,-0.0,-0.0,-0.0,-0.0,1.8758328224066645e-12,1.0,-0.0,1.0
509,420.0,34.0,3.0,20.0,Dendoncker,20.0,M,44.0,44.0,-0.0,1.0,0.0,1.0,-0.0,0.0,0.0,0.0,-0.0,-0.0,-0.0,-0.0,-0.0,-0.0,1.8758328224066645e-12,1.0,-0.0,1.0
510,93.0,35.0,1.0,5.0,Pope,5.0,G,50.0,50.0,-0.0,3.0,3.0,1.0,-0.0,1.0,0.0,0.0,-0.0,-0.0,-0.0,-0.0,-0.0,-0.0,1.8758328224066645e-12,1.0,-0.0,1.0
511,182.0,35.0,2.0,10.0,Alexander-Arnold,10.0,D,78.0,78.0,-0.0,1.0,1.0,1.0,-0.0,1.0,0.0,0.0,-0.0,-0.0,-0.0,-0.0,-0.0,-0.0,1.8758328224066645e-12,1.0,-0.0,1.0
512,183.0,35.0,2.0,10.0,van Dijk,10.0,D,65.0,65.0,-0.0,2.0,2.0,1.0,-0.0,1.0,0.0,0.0,-0.0,-0.0,-0.0,-0.0,-0.0,-0.0,1.8758328224066645e-12,1.0,-0.0,1.0
513,401.0,35.0,2.0,20.0,Doherty,20.0,D,64.0,64.0,-0.0,6.0,6.0,1.0,-0.0,1.0,0.0,0.0,-0.0,-0.0,-0.0,-0.0,-0.0,-0.0,1.8758328224066645e-12,1.0,-0.0,1.0
514,113.0,35.0,3.0,6.0,Willian,6.0,M,72.0,73.0,-0.0,2.0,2.0,1.0,-0.0,1.0,0.0,0.0,-0.0,-0.0,-0.0,-0.0,-0.0,-0.0,1.8758328224066645e-12,1.0,-0.0,1.0
515,192.0,35.0,3.0,10.0,Mané,10.0,M,123.0,124.0,-0.0,2.0,2.0,1.0,-0.0,1.0,0.0,0.0,-0.0,-0.0,-0.0,-0.0,-0.0,-0.0,1.8758328224066645e-12,1.0,-0.0,1.0
516,215.0,35.0,3.0,11.0,De Bruyne,11.0,M,108.0,108.0,-0.0,3.0,6.0,1.0,-0.0,1.0,0.0,1.0,-0.0,-0.0,-0.0,-0.0,-0.0,-0.0,1.8758328224066645e-12,1.0,-0.0,1.0
517,239.0,35.0,3.0,12.0,Martial,12.0,M,83.0,83.0,-0.0,13.0,13.0,1.0,-0.0,1.0,0.0,0.0,-0.0,-0.0,-0.0,-0.0,-0.0,-0.0,1.8758328224066645e-12,1.0,-0.0,1.0
518,166.0,35.0,4.0,9.0,Vardy,9.0,F,97.0,98.0,-0.0,7.0,7.0,1.0,-0.0,1.0,0.0,0.0,-0.0,-0.0,-0.0,-0.0,-0.0,-0.0,1.8758328224066645e-12,1.0,-0.0,1.0
519,313.0,35.0,4.0,16.0,Ings,16.0,F,73.0,74.0,-0.0,2.0,2.0,1.0,-0.0,1.0,0.0,0.0,-0.0,-0.0,-0.0,-0.0,-0.0,-0.0,1.8758328224066645e-12,1.0,-0.0,1.0
520,409.0,35.0,4.0,20.0,Jiménez,20.0,F,82.0,83.0,-0.0,8.0,8.0,1.0,-0.0,1.0,0.0,0.0,-0.0,-0.0,-0.0,-0.0,-0.0,-0.0,1.8758328224066645e-12,1.0,-0.0,1.0
521,47.0,35.0,1.0,4.0,Ryan,4.0,G,47.0,47.0,-0.0,1.0,0.0,1.0,-0.0,0.0,0.0,0.0,-0.0,-0.0,-0.0,-0.0,-0.0,-0.0,1.8758328224066645e-12,1.0,-0.0,1.0
522,42.0,35.0,2.0,4.0,Dunk,4.0,D,48.0,48.0,-0.0,0.0,0.0,1.0,-0.0,0.0,0.0,0.0,-0.0,-0.0,-0.0,-0.0,-0.0,-0.0,1.8758328224066645e-12,1.0,-0.0,1.0
523,447.0,35.0,2.0,5.0,Pieters,5.0,D,42.0,42.0,-0.0,2.0,0.0,1.0,-0.0,0.0,0.0,0.0,-0.0,-0.0,-0.0,-0.0,-0.0,-0.0,1.8758328224066645e-12,1.0,-0.0,1.0
524,420.0,35.0,3.0,20.0,Dendoncker,20.0,M,44.0,44.0,-0.0,9.0,0.0,1.0,-0.0,0.0,0.0,0.0,-0.0,-0.0,-0.0,-0.0,-0.0,-0.0,1.8758328224066645e-12,1.0,-0.0,1.0
525,93.0,36.0,1.0,5.0,Pope,5.0,G,50.0,50.0,-0.0,3.0,3.0,1.0,-0.0,1.0,0.0,0.0,-0.0,-0.0,-0.0,-0.0,-0.0,-0.0,1.8758328224066645e-12,1.0,-0.0,1.0
526,182.0,36.0,2.0,10.0,Alexander-Arnold,10.0,D,78.0,78.0,-0.0,0.0,0.0,1.0,-0.0,1.0,0.0,0.0,-0.0,-0.0,-0.0,-0.0,-0.0,-0.0,1.8758328224066645e-12,1.0,-0.0,1.0
527,183.0,36.0,2.0,10.0,van Dijk,10.0,D,65.0,65.0,-0.0,1.0,1.0,1.0,-0.0,1.0,0.0,0.0,-0.0,-0.0,-0.0,-0.0,-0.0,-0.0,1.8758328224066645e-12,1.0,-0.0,1.0
528,401.0,36.0,2.0,20.0,Doherty,20.0,D,64.0,65.0,-0.0,4.0,4.0,1.0,-0.0,1.0,0.0,0.0,-0.0,-0.0,-0.0,-0.0,-0.0,-0.0,1.8758328224066645e-12,1.0,-0.0,1.0
529,113.0,36.0,3.0,6.0,Willian,6.0,M,73.0,74.0,-0.0,3.0,3.0,1.0,-0.0,1.0,0.0,0.0,-0.0,-0.0,-0.0,-0.0,-0.0,-0.0,1.8758328224066645e-12,1.0,-0.0,1.0
530,192.0,36.0,3.0,10.0,Mané,10.0,M,122.0,123.0,-0.0,8.0,8.0,1.0,-0.0,1.0,0.0,0.0,-0.0,-0.0,-0.0,-0.0,-0.0,-0.0,1.8758328224066645e-12,1.0,-0.0,1.0
531,215.0,36.0,3.0,11.0,De Bruyne,11.0,M,108.0,108.0,-0.0,0.0,0.0,1.0,-0.0,1.0,0.0,1.0,-0.0,-0.0,-0.0,-0.0,-0.0,-0.0,1.8758328224066645e-12,1.0,-0.0,1.0
532,239.0,36.0,3.0,12.0,Martial,12.0,M,83.0,84.0,-0.0,8.0,8.0,1.0,-0.0,1.0,0.0,0.0,-0.0,-0.0,-0.0,-0.0,-0.0,-0.0,1.8758328224066645e-12,1.0,-0.0,1.0
533,166.0,36.0,4.0,9.0,Vardy,9.0,F,98.0,98.0,-0.0,5.0,5.0,1.0,-0.0,1.0,0.0,0.0,-0.0,-0.0,-0.0,-0.0,-0.0,-0.0,1.8758328224066645e-12,1.0,-0.0,1.0
534,313.0,36.0,4.0,16.0,Ings,16.0,F,74.0,75.0,-0.0,7.0,7.0,1.0,-0.0,1.0,0.0,0.0,-0.0,-0.0,-0.0,-0.0,-0.0,-0.0,1.8758328224066645e-12,1.0,-0.0,1.0
535,409.0,36.0,4.0,20.0,Jiménez,20.0,F,81.0,82.0,-0.0,9.0,9.0,1.0,-0.0,1.0,0.0,0.0,-0.0,-0.0,-0.0,-0.0,-0.0,-0.0,1.8758328224066645e-12,1.0,-0.0,1.0
536,47.0,36.0,1.0,4.0,Ryan,4.0,G,47.0,47.0,-0.0,3.0,0.0,1.0,-0.0,0.0,0.0,0.0,-0.0,-0.0,-0.0,-0.0,-0.0,-0.0,1.8758328224066645e-12,1.0,-0.0,1.0
537,42.0,36.0,2.0,4.0,Dunk,4.0,D,48.0,48.0,-0.0,2.0,0.0,1.0,-0.0,0.0,0.0,0.0,-0.0,-0.0,-0.0,-0.0,-0.0,-0.0,1.8758328224066645e-12,1.0,-0.0,1.0
538,447.0,36.0,2.0,5.0,Pieters,5.0,D,42.0,42.0,-0.0,2.0,0.0,1.0,-0.0,0.0,0.0,0.0,-0.0,-0.0,-0.0,-0.0,-0.0,-0.0,1.8758328224066645e-12,1.0,-0.0,1.0
539,420.0,36.0,3.0,20.0,Dendoncker,20.0,M,44.0,44.0,-0.0,1.0,0.0,1.0,-0.0,0.0,0.0,0.0,-0.0,-0.0,-0.0,-0.0,-0.0,-0.0,1.8758328224066645e-12,1.0,-0.0,1.0
540,93.0,37.0,1.0,5.0,Pope,5.0,G,50.0,51.0,-0.0,6.0,6.0,1.0,-0.0,1.0,0.0,0.0,-0.0,-0.0,-0.0,-0.0,-0.0,-0.0,1.8758328224066645e-12,1.0,-0.0,1.0
541,182.0,37.0,2.0,10.0,Alexander-Arnold,10.0,D,77.0,78.0,-0.0,13.0,13.0,1.0,-0.0,1.0,0.0,0.0,-0.0,-0.0,-0.0,-0.0,-0.0,-0.0,1.8758328224066645e-12,1.0,-0.0,1.0
542,183.0,37.0,2.0,10.0,van Dijk,10.0,D,65.0,65.0,-0.0,1.0,1.0,1.0,-0.0,1.0,0.0,0.0,-0.0,-0.0,-0.0,-0.0,-0.0,-0.0,1.8758328224066645e-12,1.0,-0.0,1.0
543,401.0,37.0,2.0,20.0,Doherty,20.0,D,65.0,65.0,-0.0,12.0,12.0,1.0,-0.0,1.0,0.0,0.0,-0.0,-0.0,-0.0,-0.0,-0.0,-0.0,1.8758328224066645e-12,1.0,-0.0,1.0
544,113.0,37.0,3.0,6.0,Willian,6.0,M,74.0,74.0,-0.0,4.0,4.0,1.0,-0.0,1.0,0.0,0.0,-0.0,-0.0,-0.0,-0.0,-0.0,-0.0,1.8758328224066645e-12,1.0,-0.0,1.0
545,192.0,37.0,3.0,10.0,Mané,10.0,M,122.0,122.0,-0.0,5.0,5.0,1.0,-0.0,1.0,0.0,0.0,-0.0,-0.0,-0.0,-0.0,-0.0,-0.0,1.8758328224066645e-12,1.0,-0.0,1.0
546,215.0,37.0,3.0,11.0,De Bruyne,11.0,M,107.0,108.0,-0.0,6.0,12.0,1.0,-0.0,1.0,0.0,1.0,-0.0,-0.0,-0.0,-0.0,-0.0,-0.0,1.8758328224066645e-12,1.0,-0.0,1.0
547,239.0,37.0,3.0,12.0,Martial,12.0,M,84.0,85.0,-0.0,5.0,5.0,1.0,-0.0,1.0,0.0,0.0,-0.0,-0.0,-0.0,-0.0,-0.0,-0.0,1.8758328224066645e-12,1.0,-0.0,1.0
548,166.0,37.0,4.0,9.0,Vardy,9.0,F,98.0,98.0,-0.0,2.0,2.0,1.0,-0.0,1.0,0.0,0.0,-0.0,-0.0,-0.0,-0.0,-0.0,-0.0,1.8758328224066645e-12,1.0,-0.0,1.0
549,313.0,37.0,4.0,16.0,Ings,16.0,F,75.0,76.0,-0.0,4.0,4.0,1.0,-0.0,1.0,0.0,0.0,-0.0,-0.0,-0.0,-0.0,-0.0,-0.0,1.8758328224066645e-12,1.0,-0.0,1.0
550,409.0,37.0,4.0,20.0,Jiménez,20.0,F,81.0,81.0,-0.0,5.0,5.0,1.0,-0.0,1.0,0.0,0.0,-0.0,-0.0,-0.0,-0.0,-0.0,-0.0,1.8758328224066645e-12,1.0,-0.0,1.0
551,47.0,37.0,1.0,4.0,Ryan,4.0,G,47.0,47.0,-0.0,7.0,0.0,1.0,-0.0,0.0,0.0,0.0,-0.0,-0.0,-0.0,-0.0,-0.0,-0.0,1.8758328224066645e-12,1.0,-0.0,1.0
552,42.0,37.0,2.0,4.0,Dunk,4.0,D,48.0,48.0,-0.0,8.0,0.0,1.0,-0.0,0.0,0.0,0.0,-0.0,-0.0,-0.0,-0.0,-0.0,-0.0,1.8758328224066645e-12,1.0,-0.0,1.0
553,447.0,37.0,2.0,5.0,Pieters,5.0,D,42.0,42.0,-0.0,12.0,0.0,1.0,-0.0,0.0,0.0,0.0,-0.0,-0.0,-0.0,-0.0,-0.0,-0.0,1.8758328224066645e-12,1.0,-0.0,1.0
554,420.0,37.0,3.0,20.0,Dendoncker,20.0,M,44.0,44.0,-0.0,3.0,0.0,1.0,-0.0,0.0,0.0,0.0,-0.0,-0.0,-0.0,-0.0,-0.0,-0.0,1.8758328224066645e-12,1.0,-0.0,1.0
555,93.0,38.0,1.0,5.0,Pope,5.0,G,51.0,52.0,-0.0,1.0,1.0,1.0,-0.0,1.0,0.0,0.0,-0.0,-0.0,-0.0,-0.0,-0.0,-0.0,1.8758328224066645e-12,1.0,-0.0,1.0
556,182.0,38.0,2.0,10.0,Alexander-Arnold,10.0,D,77.0,77.0,-0.0,1.0,1.0,1.0,-0.0,1.0,0.0,0.0,-0.0,-0.0,-0.0,-0.0,-0.0,-0.0,1.8758328224066645e-12,1.0,-0.0,1.0
557,183.0,38.0,2.0,10.0,van Dijk,10.0,D,65.0,65.0,-0.0,9.0,9.0,1.0,-0.0,1.0,0.0,0.0,-0.0,-0.0,-0.0,-0.0,-0.0,-0.0,1.8758328224066645e-12,1.0,-0.0,1.0
558,401.0,38.0,2.0,20.0,Doherty,20.0,D,65.0,65.0,-0.0,0.0,0.0,1.0,-0.0,1.0,0.0,0.0,-0.0,-0.0,-0.0,-0.0,-0.0,-0.0,1.8758328224066645e-12,1.0,-0.0,1.0
559,113.0,38.0,3.0,6.0,Willian,6.0,M,73.0,74.0,-0.0,0.0,0.0,1.0,-0.0,1.0,0.0,0.0,-0.0,-0.0,-0.0,-0.0,-0.0,-0.0,1.8758328224066645e-12,1.0,-0.0,1.0
560,192.0,38.0,3.0,10.0,Mané,10.0,M,121.0,122.0,-0.0,6.0,6.0,1.0,-0.0,1.0,0.0,0.0,-0.0,-0.0,-0.0,-0.0,-0.0,-0.0,1.8758328224066645e-12,1.0,-0.0,1.0
561,215.0,38.0,3.0,11.0,De Bruyne,11.0,M,106.0,107.0,-0.0,19.0,38.0,1.0,-0.0,1.0,0.0,1.0,-0.0,-0.0,-0.0,-0.0,-0.0,-0.0,1.8758328224066645e-12,1.0,-0.0,1.0
562,239.0,38.0,3.0,12.0,Martial,12.0,M,85.0,85.0,-0.0,6.0,6.0,1.0,-0.0,1.0,0.0,0.0,-0.0,-0.0,-0.0,-0.0,-0.0,-0.0,1.8758328224066645e-12,1.0,-0.0,1.0
563,166.0,38.0,4.0,9.0,Vardy,9.0,F,97.0,98.0,-0.0,1.0,1.0,1.0,-0.0,1.0,0.0,0.0,-0.0,-0.0,-0.0,-0.0,-0.0,-0.0,1.8758328224066645e-12,1.0,-0.0,1.0
564,313.0,38.0,4.0,16.0,Ings,16.0,F,76.0,76.0,-0.0,8.0,8.0,1.0,-0.0,1.0,0.0,0.0,-0.0,-0.0,-0.0,-0.0,-0.0,-0.0,1.8758328224066645e-12,1.0,-0.0,1.0
565,409.0,38.0,4.0,20.0,Jiménez,20.0,F,80.0,81.0,-0.0,2.0,2.0,1.0,-0.0,1.0,0.0,0.0,-0.0,-0.0,-0.0,-0.0,-0.0,-0.0,1.8758328224066645e-12,1.0,-0.0,1.0
566,47.0,38.0,1.0,4.0,Ryan,4.0,G,47.0,47.0,-0.0,2.0,0.0,1.0,-0.0,0.0,0.0,0.0,-0.0,-0.0,-0.0,-0.0,-0.0,-0.0,1.8758328224066645e-12,1.0,-0.0,1.0
567,42.0,38.0,2.0,4.0,Dunk,4.0,D,48.0,48.0,-0.0,2.0,0.0,1.0,-0.0,0.0,0.0,0.0,-0.0,-0.0,-0.0,-0.0,-0.0,-0.0,1.8758328224066645e-12,1.0,-0.0,1.0
568,447.0,38.0,2.0,5.0,Pieters,5.0,D,42.0,43.0,-0.0,3.0,0.0,1.0,-0.0,0.0,0.0,0.0,-0.0,-0.0,-0.0,-0.0,-0.0,-0.0,1.8758328224066645e-12,1.0,-0.0,1.0
569,420.0,38.0,3.0,20.0,Dendoncker,20.0,M,44.0,44.0,-0.0,1.0,0.0,1.0,-0.0,0.0,0.0,0.0,-0.0,-0.0,-0.0,-0.0,-0.0,-0.0,1.8758328224066645e-12,1.0,-0.0,1.0
